word,freq_lcnl
the,9565
and,6832
a,4838
to,3956
i,3049
he,2627
you,2280
of,2203
in,2111
was,1840
it,1687
said,1521
she,1446
on,1441
that,1383
is,1359
his,1313
for,1177
my,1152
with,1127
but,1097
all,1080
they,1078
her,1026
little,935
so,892
up,886
as,844
not,830
at,799
me,757
out,694
do,693
there,693
had,689
one,682
what,679
when,675
be,674
then,673
have,638
are,626
we,610
like,572
him,555
go,547
this,538
no,534
down,522
your,510
can,507
will,485
if,468
them,458
could,452
just,448
were,445
into,425
very,423
time,417
back,406
now,405
would,396
big,383
see,382
day,376
went,374
from,370
good,366
oh,351
who,337
get,331
about,329
old,326
their,324
came,323
over,317
some,316
too,313
by,312
or,311
house,310
i'm,309
where,309
jenny,305
mr,295
it's,293
how,292
mother,292
come,287
here,282
did,280
an,275
night,274
home,268
think,265
more,260
away,257
don't,257
know,257
right,257
got,256
way,247
cat,245
two,236
thought,234
make,233
long,229
i'll,228
off,225
again,223
look,223
well,222
looked,219
going,216
love,215
am,214
never,214
say,212
through,212
dog,211
our,209
put,206
tree,206
after,199
bear,197
around,192
made,192
has,186
man,185
things,183
asked,181
red,181
us,177
new,174
that's,169
want,169
other,166
bed,165
saw,164
take,164
didn't,163
story,162
thing,162
says,161
baby,159
why,157
tell,156
door,155
three,155
train,155
help,153
eat,150
took,150
always,149
you're,149
morning,148
must,148
only,148
head,145
ran,145
really,145
blue,144
next,144
called,142
because,141
green,141
even,139
first,138
much,138
something,138
water,138
george,137
mama,136
please,135
still,134
find,133
can't,132
great,131
ever,130
everyone,130
boy,129
miss,129
once,129
along,128
been,127
cried,127
school,127
play,126
pooh,126
small,126
before,125
every,125
found,124
snow,124
car,122
another,121
sat,121
hat,120
last,119
left,119
let,119
truck,119
frog,117
captain,116
fish,115
hear,115
soon,115
toad,115
balloon,114
stop,114
while,114
sleep,113
bird,112
dogs,112
feet,112
name,112
any,111
eyes,111
fast,111
mouse,111
should,111
heard,109
thomas,108
dear,107
town,107
until,106
which,106
best,105
cats,105
friend,105
than,105
walked,105
place,104
sky,104
those,104
top,104
under,104
ate,103
give,103
yes,103
you'll,102
gave,101
people,101
run,100
there's,100
behind,98
black,98
robin,97
room,97
shall,97
began,96
bus,96
does,96
each,95
sometimes,95
sun,95
flew,94
may,94
end,93
friends,93
told,93
world,93
high,91
edward,90
wanted,90
dance,89
many,89
sure,89
white,89
moon,88
round,88
started,88
woman,88
happy,87
mrs,87
box,86
children,86
cold,86
i've,86
read,86
fly,85
nice,85
couldn't,84
front,84
nose,84
window,84
wish,84
yellow,84
dark,83
fell,83
rain,83
seen,83
book,82
enough,82
four,81
tried,81
girl,80
goes,80
most,80
show,80
these,80
better,79
club,79
felt,79
fun,79
side,79
walk,79
bad,78
inside,78
try,78
upon,78
wait,78
brown,77
grew,77
knew,77
nothing,77
quite,77
tired,77
trees,77
arnie,76
call,76
everything,76
hard,76
thank,76
across,75
garden,75
hot,75
sir,75
engine,74
fire,74
himself,74
let's,74
street,74
sit,73
together,73
checkers,72
comes,72
duck,72
turned,72
air,71
full,71
might,71
sister,71
without,71
work,71
ball,70
king,70
such,70
food,69
gone,69
i'd,69
scarf,69
today,69
done,68
hair,68
hey,68
looking,68
open,68
pickles,68
pretty,68
rabbit,68
wasn't,68
wind,68
won't,68
keep,67
mom,67
turn,67
whole,67
grass,66
he'll,66
hill,66
honey,66
maybe,66
ask,65
hand,65
mouth,65
owl,65
poor,65
slow,65
christopher,64
isn't,64
its,64
llama,64
need,64
po,64
pulled,64
voice,64
brother,63
hello,62
sheep,62
almost,61
coming,61
face,61
far,61
light,61
loved,61
mary,61
outside,61
beautiful,60
city,60
lot,60
sad,60
shouted,60
stopped,60
child,59
course,59
cow,59
five,59
peter,59
ready,59
sound,59
bread,58
bye,58
cars,58
deep,58
doing,58
father,58
feel,58
lived,58
anything,57
climbed,57
days,57
jack,57
jumped,57
lady,57
milk,57
pig,57
watch,57
watched,57
we'll,57
being,56
fine,56
floor,56
he's,56
past,56
asleep,55
flying,55
important,55
lost,55
makes,55
quiet,55
sing,55
wouldn't,55
getting,54
lion,54
opened,54
papa,54
quickly,54
stood,54
we're,54
catch,53
live,53
president,53
running,53
slowly,53
song,53
suddenly,53
what's,53
alone,52
both,52
button,52
ground,52
ladybug,52
till,52
ice,51
reached,51
they're,51
warm,51
birds,50
cake,50
clothes,50
eating,50
leave,50
lunch,50
own,50
party,50
shoes,50
tail,50
ten,50
terrible,50
brothers,49
buy,49
chrysanthemum,49
dad,49
legs,49
met,49
noise,49
pascal,49
rest,49
ride,49
rock,49
thump,49
bell,48
boys,48
bright,48
care,48
flowers,48
grandma,48
ma,48
bing,47
boat,47
family,47
fox,47
funny,47
happened,47
hold,47
instead,47
kind,47
life,47
mike,47
pa,47
road,47
someone,47
tinker,47
favorite,46
hands,46
sang,46
sea,46
set,46
silly,46
amelia,45
bedelia,45
books,45
fall,45
grow,45
hug,45
kiss,45
same,45
sweet,45
toy,45
turtle,45
afraid,44
bee,44
bit,44
cry,44
dinner,44
faster,44
heart,44
hole,44
hurry,44
looks,44
moment,44
picked,44
sent,44
sitting,44
talk,44
wonderful,44
young,44
absolutely,43
animals,43
caught,43
eggs,43
finally,43
hall,43
jam,43
kept,43
mean,43
mulligan,43
waited,43
waiting,43
wolf,43
chicken,42
decided,42
dinosaurs,42
loud,42
stellaluna,42
wow,42
arthur,41
brought,41
caps,41
clean,41
filled,41
follow,41
gruffalo,41
hungry,41
making,41
o,41
pie,41
remember,41
stand,41
used,41
answered,40
bump,40
cannot,40
cream,40
hope,40
paper,40
smiled,40
soft,40
you've,40
fence,39
goodnight,39
guess,39
lilly,39
mine,39
wear,39
bag,38
close,38
covered,38
egg,38
fight,38
foot,38
frances,38
freight,38
gold,38
idea,38
laughed,38
listen,38
mountain,38
nine,38
pick,38
second,38
seemed,38
square,38
straight,38
use,38
winter,38
cheese,37
different,37
horse,37
hour,37
means,37
princess,37
shoe,37
stick,37
tall,37
wet,37
wide,37
wild,37
basket,36
cellar,36
corner,36
cup,36
dump,36
else,36
hop,36
late,36
lucy,36
perfect,36
smell,36
stairs,36
star,36
stars,36
stay,36
though,36
birthday,35
busy,35
elephant,35
large,35
line,35
peep,35
playing,35
purple,35
quack,35
real,35
saying,35
shook,35
shut,35
times,35
trick,35
wonder,35
alice,34
believe,34
bring,34
built,34
butterfly,34
ears,34
finished,34
forest,34
grouchy,34
kitchen,34
knows,34
la,34
lights,34
loves,34
men,34
middle,34
slinger,34
socks,34
sorry,34
step,34
stories,34
teeth,34
alan,33
anne,33
beep,33
bike,33
breakfast,33
cock,33
crayon,33
dig,33
falling,33
girls,33
liked,33
mommy,33
move,33
near,33
page,33
pond,33
sam,33
six,33
slept,33
start,33
toes,33
toward,33
we've,33
woof,33
years,33
above,32
answer,32
apple,32
bath,32
become,32
blew,32
color,32
cut,32
doesn't,32
ear,32
early,32
forth,32
helped,32
higher,32
kids,32
library,32
linsky,32
named,32
okay,32
others,32
pushed,32
sort,32
station,32
stayed,32
strong,32
teacher,32
tomorrow,32
walking,32
wants,32
whispered,32
wrong,32
yelled,32
yet,32
berries,31
butter,31
duncan,31
feeling,31
followed,31
hare,31
hen,31
herself,31
jump,31
matter,31
mind,31
moo,31
orange,31
paw,31
picnic,31
picture,31
pink,31
quick,31
safe,31
silver,31
trucks,31
wood,31
bottom,30
camilla,30
evening,30
henry,30
leaves,30
likes,30
lots,30
nobody,30
played,30
stuck,30
tiny,30
twenty,30
afternoon,29
also,29
bottle,29
brush,29
dinosaur,29
downstairs,29
drink,29
everybody,29
everywhere,29
finger,29
fingers,29
having,29
lay,29
lovely,29
merriweather,29
places,29
pop,29
puppy,29
queen,29
ring,29
sandwich,29
soup,29
spring,29
tickle,29
tight,29
toys,29
arms,28
babar,28
beans,28
build,28
bunny,28
dragons,28
few,28
he'd,28
nanny,28
ones,28
seven,28
sign,28
sounds,28
south,28
whistle,28
winnie,28
worried,28
year,28
already,27
beach,27
became,27
broke,27
clack,27
climb,27
dancing,27
dr,27
dum,27
eight,27
general,27
here's,27
katy,27
mcbee,27
meet,27
meeting,27
monster,27
myself,27
pussy,27
rolled,27
short,27
sick,27
sleeping,27
summer,27
swish,27
table,27
TRUE,27
wall,27
whose,27
bat,26
bow,26
dragon,26
dress,26
driver,26
dry,26
extra,26
fat,26
giant,26
gray,26
haven't,26
hi,26
irene,26
longer,26
magic,26
master,26
max,26
office,26
penny,26
perhaps,26
pet,26
pip,26
pole,26
rather,26
river,26
rope,26
ruff,26
sand,26
she's,26
smile,26
throw,26
windows,26
bees,25
between,25
blaze,25
bushes,25
clear,25
clifford,25
closed,25
coat,25
doughnut,25
dropped,25
eloise,25
flower,25
god,25
half,25
heavy,25
ho,25
jenny's,25
knees,25
later,25
leg,25
mallard,25
pocket,25
probably,25
pull,25
scared,25
shang,25
standing,25
upstairs,25
wash,25
word,25
zoo,25
anymore,24
bite,24
branch,24
broken,24
carry,24
chair,24
chase,24
christmas,24
corn,24
cross,24
daddy,24
danced,24
dirt,24
easy,24
fair,24
farmer,24
fit,24
fritz,24
goat,24
held,24
hide,24
hurried,24
ladder,24
land,24
laughing,24
living,24
lorax,24
pail,24
pat,24
pete,24
poop,24
reach,24
sneeze,24
special,24
splash,24
tacos,24
thinking,24
tikki,24
wife,24
words,24
write,24
ago,23
anyway,23
band,23
beginning,23
blow,23
carried,23
cause,23
chocolate,23
crawled,23
crow,23
dot,23
dreams,23
eye,23
forever,23
free,23
gets,23
hook,23
horton,23
hung,23
led,23
maid,23
money,23
monkey,23
monkeys,23
nap,23
none,23
o'clock,23
olivia,23
part,23
paws,23
pout,23
quietly,23
rogers,23
rushed,23
shark,23
snake,23
steam,23
store,23
supper,23
talking,23
tea,23
trains,23
wheels,23
wished,23
worry,23
angry,22
anyone,22
b,22
boom,22
born,22
cans,22
choo,22
choose,22
department,22
drive,22
dug,22
forget,22
forgot,22
fresh,22
glad,22
hay,22
hippos,22
hurt,22
jim,22
kissed,22
letter,22
mayor,22
mountains,22
moved,22
music,22
paul,22
pot,22
proud,22
puppies,22
ralph,22
shiny,22
speak,22
strawberry,22
swim,22
t,22
taste,22
trip,22
trouble,22
whiskers,22
wondered,22
2,21
3,21
bats,21
bells,21
bridge,21
change,21
circle,21
colors,21
crazy,21
curious,21
de,21
den,21
desk,21
dust,21
e,21
fallen,21
frightened,21
hoo,21
join,21
kitten,21
l,21
luck,21
lucky,21
martha,21
meant,21
minute,21
morris,21
mother's,21
nutbrown,21
ocean,21
penguin,21
piece,21
piglet,21
riddle,21
rose,21
s,21
secret,21
shout,21
sight,21
singing,21
strange,21
surprise,21
swamp,21
sylvester,21
takes,21
track,21
tricks,21
watching,21
woke,21
worked,21
wrote,21
yard,21
you'd,21
against,20
anywhere,20
arrived,20
barn,20
belly,20
cozy,20
dolls,20
doughnuts,20
eaten,20
empty,20
exactly,20
explained,20
fear,20
florio,20
happen,20
hooray,20
horn,20
houses,20
hush,20
im,20
jo,20
john,20
kittens,20
knock,20
lives,20
mud,20
often,20
onto,20
pajama,20
park,20
peanut,20
plan,20
rescue,20
rocket,20
saturday,20
shop,20
since,20
spoke,20
stinky,20
stripes,20
telephone,20
thin,20
turtles,20
whoooooooo,20
writing,20
1,19
ahead,19
apples,19
bigger,19
break,19
buttons,19
certainly,19
clang,19
clever,19
coaches,19
ed,19
glass,19
gordon,19
gown,19
grace,19
hills,19
hundred,19
jungle,19
kid,19
lifted,19
lulu,19
market,19
mess,19
moving,19
neck,19
north,19
note,19
plate,19
poem,19
rained,19
replied,19
rocks,19
sal,19
seeds,19
ship,19
speck,19
stone,19
suit,19
surprised,19
taking,19
thousand,19
tortoise,19
trash,19
unicorn,19
wake,19
woods,19
working,19
yertle,19
ah,18
albie,18
alligator,18
awful,18
battle,18
below,18
brain,18
breath,18
bush,18
cave,18
chicka,18
clouds,18
cookie,18
country,18
ding,18
doctor,18
doors,18
dream,18
dressed,18
elephants,18
elizabeth,18
except,18
field,18
flop,18
game,18
gate,18
gives,18
goo,18
goodbye,18
happily,18
harold,18
hid,18
job,18
kisses,18
knocked,18
knox,18
lonely,18
low,18
mail,18
mirror,18
moving_,18
nest,18
person,18
pickle,18
raised,18
returned,18
riding,18
ruby,18
shake,18
sighed,18
smart,18
somebody,18
somewhere,18
son,18
stepped,18
string,18
tent,18
third,18
thumb,18
tonight,18
tooth,18
tractor,18
week,18
whatever,18
wings,18
wren,18
4,17
applesauce,17
bang,17
bark,17
bears,17
buzz,17
calling,17
captain's,17
carrots,17
chairs,17
click,17
count,17
delicious,17
drives,17
during,17
elevator,17
feels,17
fur,17
garbage,17
grown,17
hang,17
hanging,17
hate,17
hedgie,17
huge,17
jumping,17
listened,17
m,17
mixed,17
pants,17
plain,17
quilt,17
raced,17
remus,17
rode,17
romulus,17
rumphius,17
scratch,17
spaghetti,17
stole,17
taken,17
terribly,17
thanks,17
thinks,17
traffic,17
twins,17
uh,17
umbrella,17
uncle,17
victoria,17
waved,17
whoo,17
yourself,17
able,16
allowed,16
angelina,16
bet,16
block,16
branches,16
c,16
cap,16
case,16
chin,16
class,16
clay,16
clock,16
d,16
discovered,16
drum,16
elmo,16
escape,16
excuse,16
folks,16
friendly,16
fruit,16
gilly,16
goldie,16
grows,16
harry,16
heads,16
indeed,16
lazy,16
lead,16
least,16
list,16
mad,16
mag,16
mat,16
miles,16
news,16
pebble,16
piano,16
pictures,16
prince,16
rules,16
salt,16
scratched,16
seat,16
seem,16
sell,16
share,16
shovel,16
slide,16
smoke,16
softly,16
space,16
streets,16
tank,16
threw,16
triangle,16
wearing,16
wee,16
5,15
6,15
asks,15
bagpipe,15
balloons,15
beat,15
begins,15
blink,15
boring,15
breeze,15
bull,15
bunch,15
chang,15
chew,15
chugga,15
clickety,15
cook,15
doodle,15
ducklings,15
excited,15
farm,15
flap,15
friday,15
guests,15
horses,15
joy,15
landed,15
laura,15
learn,15
manners,15
members,15
needs,15
nnn,15
pack,15
paint,15
passed,15
pea,15
persisted,15
pigs,15
potty,15
puffed,15
reason,15
rule,15
sadly,15
screech,15
send,15
shadow,15
shirt,15
showed,15
sidewalk,15
sigh,15
simply,15
sinbad,15
sleepy,15
starts,15
storm,15
tom,15
truffula,15
trunk,15
turning,15
visit,15
whisper,15
wore,15
_the,14
added,14
albert,14
alexander,14
annabelle,14
bathing,14
beneath,14
beside,14
bowl,14
calf,14
candy,14
chance,14
clap,14
colored,14
cool,14
cows,14
crunch,14
crying,14
daughter,14
dirty,14
drove,14
either,14
engines,14
f,14
froggy,14
gay,14
gonna,14
hadn't,14
hats,14
hippopotamus,14
holes,14
johnny,14
july,14
key,14
laugh,14
lie,14
loris,14
lydia,14
meadow,14
meow,14
names,14
nelson,14
nikolai,14
noon,14
notice,14
number,14
nuts,14
oops,14
p,14
polar,14
pool,14
puddle,14
race,14
remembered,14
sailed,14
santa,14
sees,14
skates,14
snort,14
spicy,14
spoon,14
spread,14
stack,14
stew,14
sugar,14
sunday,14
swan,14
swing,14
talked,14
themselves,14
thirty,14
tied,14
tongue,14
van,14
w,14
women,14
yap,14
7,13
amos,13
arm,13
bake,13
biggest,13
blueberries,13
bought,13
boxes,13
careful,13
carefully,13
changed,13
classroom,13
coconut,13
conductor,13
crash,13
diamond,13
draw,13
em,13
exciting,13
fact,13
feed,13
ferdinand,13
fiddle,13
fix,13
flat,13
forward,13
g,13
gang,13
gently,13
gitchy,13
golden,13
grandfather,13
ham,13
harm,13
hit,13
holding,13
hunt,13
island,13
j,13
kangaroo,13
killed,13
less,13
lord,13
married,13
mice,13
moonlight,13
n,13
nail,13
neat,13
needed,13
pages,13
pair,13
pajamas,13
parties,13
path,13
pay,13
phone,13
plenty,13
police,13
polite,13
presents,13
push,13
pushing,13
r,13
rang,13
rice,13
rob,13
salsa,13
she'll,13
shouldn't,13
simple,13
single,13
sleigh,13
slice,13
snack,13
spy,13
sunny,13
thick,13
toast,13
toe,13
touched,13
tucked,13
unless,13
welcome,13
willie,13
win,13
wishes,13
ye,13
zoom,13
ain't,12
animal,12
appeared,12
babies,12
bari,12
bent,12
bone,12
boots,12
brakes,12
brave,12
bumble,12
bumpy,12
castle,12
ceiling,12
chari,12
chasing,12
claws,12
climbing,12
closet,12
cloud,12
clover,12
clown,12
covers,12
creature,12
crooked,12
dead,12
dentist,12
dish,12
east,12
edge,12
eleven,12
especially,12
exclaimed,12
fields,12
floating,12
flossy,12
furry,12
gasazi,12
goldbug,12
goodness,12
goosey,12
granny,12
growing,12
handsome,12
happening,12
humming,12
insist,12
james,12
jelly,12
kinds,12
king's,12
ladybugs,12
learned,12
letters,12
lines,12
lose,12
machines,12
mickey,12
minutes,12
missing,12
monday,12
mortimer,12
nearby,12
nearly,12
pass,12
passengers,12
pile,12
point,12
poky,12
policemen,12
proudly,12
pudding,12
purse,12
rattle,12
realized,12
rembo,12
retrieving,12
roads,12
rocked,12
rocky,12
rolls,12
ryder,12
sharp,12
shh,12
shy,12
simon,12
snail,12
snapped,12
sniffed,12
stared,12
sticks,12
super,12
surely,12
swam,12
swimming,12
tag,12
they'll,12
trying,12
tsz,12
underneath,12
understand,12
usually,12
waves,12
weak,12
weather,12
where's,12
accident,11
act,11
alligators,11
among,11
anna,11
anybody,11
arthur's,11
asking,11
aunt,11
bakery,11
bear's,11
bedroom,11
bedtime,11
begged,11
bingo,11
blocks,11
bo,11
bother,11
broom,11
brother's,11
bumpety,11
cents,11
chicks,11
comb,11
corduroy,11
cousin,11
crept,11
crowd,11
custard,11
david,11
dibble,11
digging,11
donkey,11
double,11
drew,11
duchess,11
ducks,11
earth,11
ends,11
faces,11
fed,11
floated,11
fond,11
forgotten,11
george's,11
gore,11
grabbed,11
grum,11
h,11
heaven,11
helping,11
hopped,11
hubbles,11
itself,11
jacket,11
juice,11
laid,11
lawn,11
leaf,11
licken,11
lying,11
mack,11
marry,11
mcgregor,11
meat,11
million,11
millions,11
order,11
palace,11
parents,11
pembo,11
peri,11
plane,11
plum,11
porch,11
pots,11
pray,11
principal,11
promised,11
protect,11
pup,11
quarters,11
question,11
roared,11
roll,11
royal,11
ruchi,11
runs,11
sa,11
sack,11
saved,11
screamed,11
searched,11
she'd,11
shelf,11
shot,11
shower,11
silent,11
sits,11
slid,11
sounded,11
spent,11
spike,11
straw,11
sweater,11
tails,11
tears,11
thee,11
they've,11
throne,11
tinker's,11
trot,11
turns,11
tv,11
tweetle,11
twice,11
u,11
ugly,11
usual,11
washed,11
wedding,11
wherever,11
who'll,11
wicked,11
worse,11
adopted,10
aj,10
alive,10
answers,10
attention,10
baked,10
baker,10
barber,10
beetle,10
begin,10
beyond,10
blanket,10
blowing,10
boa,10
bones,10
buckets,10
buggy,10
business,10
buzzing,10
calls,10
celeste,10
cherry,10
chirped,10
cinderella,10
circus,10
closer,10
constrictor,10
continued,10
counted,10
cover,10
crane,10
cries,10
diddle,10
die,10
dingo,10
dishes,10
ditty,10
duke,10
eek,10
electric,10
express,10
flitter,10
furniture,10
fuzzy,10
gallop,10
geese,10
gentle,10
gingko,10
goldfish,10
gruffalo's,10
guy,10
ha,10
handed,10
highway,10
hind,10
honor,10
hose,10
hours,10
jig,10
judge,10
kite,10
ladies,10
lee,10
ler,10
lisa,10
load,10
loose,10
mac,10
main,10
malt,10
march,10
meal,10
melvin,10
napping,10
nodded,10
numbers,10
nut,10
oil,10
oink,10
ooo,10
p.s,10
parade,10
perfectly,10
pirate,10
pointed,10
pointing,10
poked,10
politely,10
questions,10
rainy,10
rat,10
reading,10
retrieve,10
rich,10
rocking,10
safely,10
sammy,10
save,10
seats,10
seek,10
service,10
settle,10
settled,10
shining,10
shiver,10
shouting,10
signal,10
silence,10
sings,10
skate,10
snoring,10
soap,10
sparrow,10
spot,10
sprinkles,10
stretched,10
striped,10
students,10
supposed,10
tao,10
taught,10
teach,10
throat,10
tick,10
tie,10
tip,10
touch,10
tracks,10
truth,10
tuesday,10
tummy,10
twinkle,10
upside,10
weren't,10
whale,10
wheat,10
whether,10
who's,10
winds,10
wire,10
workers,10
y,10
yarn,10
yell,10
z,10
zup,10
10,9
agree,9
aren't,9
awake,9
baby's,9
bathroom,9
becoming,9
beetles,9
beg,9
billions,9
blueberry,9
boiled,9
bricks,9
bubbles,9
bugs,9
bulldozer,9
bumps,9
cage,9
carrot,9
caterpillar,9
center,9
charge,9
cheer,9
cheered,9
chest,9
chewed,9
chosen,9
coal,9
coffee,9
company,9
crayons,9
curly,9
dame,9
darling,9
disappeared,9
doo,9
dreamed,9
duckling,9
ducky,9
dusty,9
eats,9
enormous,9
entire,9
fancy,9
father's,9
feast,9
featherlegs,9
fellow,9
fetch,9
fill,9
float,9
flute,9
games,9
geoppolis,9
gerald,9
gift,9
glasses,9
gotta,9
grab,9
grandpa,9
harder,9
hardly,9
hatch,9
hood,9
horns,9
horrible,9
hospital,9
hundreds,9
imagine,9
ink,9
japan,9
jar,9
jaws,9
joe,9
joined,9
jolly,9
kindly,9
kissing,9
klopp,9
known,9
leaving,9
lilly's,9
lima,9
lions,9
lock,9
london,9
luckily,9
macaroni,9
machine,9
maisy,9
mark,9
merry,9
mew,9
mighty,9
mistress,9
movie,9
napkin,9
naughty,9
neighborhood,9
nights,9
nurse,9
older,9
ought,9
pancake,9
paotze,9
picking,9
pieces,9
piled,9
piper,9
planted,9
popped,9
potatoes,9
problem,9
promise,9
puff,9
railroad,9
ribbons,9
roof,9
rough,9
rude,9
sail,9
sale,9
seed,9
seems,9
sews,9
shade,9
shore,9
shovels,9
silk,9
sink,9
skating,9
skipped,9
smelled,9
snores,9
sore,9
spin,9
splashing,9
split,9
sports,9
st,9
steps,9
stops,9
stuff,9
sue,9
swap,9
swung,9
taco,9
taffy,9
tale,9
taps,9
tells,9
thanked,9
thou,9
thursday,9
thy,9
tossed,9
tough,9
towels,9
tre,9
tune,9
twelve,9
view,9
voices,9
walks,9
washing,9
ways,9
we'd,9
wednesday,9
west,9
wing,9
wise,9
yipiyuk,9
yours,9
_great_,8
100,8
8,8
agreed,8
aha,8
ambulance,8
apartment,8
april,8
asphalt,8
backwards,8
bank,8
batter,8
beef,8
beluga,8
bend,8
besides,8
billy,8
blankets,8
blows,8
blurp,8
board,8
body,8
brick,8
brings,8
brushed,8
burst,8
chick,8
circles,8
clocks,8
coloring,8
countryside,8
crack,8
crown,8
crumbs,8
daisies,8
dare,8
decide,8
demanded,8
diaper,8
died,8
distance,8
doorway,8
dopp,8
dots,8
dreaming,8
dreary,8
edward's,8
eyed,8
fabulous,8
falls,8
faraway,8
fifteen,8
fifty,8
finish,8
fluffy,8
fol,8
following,8
fool,8
fought,8
freeze,8
french,8
gasped,8
gino,8
given,8
goose,8
grandmother,8
grapes,8
guard,8
headed,8
hector,8
helmet,8
hidden,8
hippo,8
hiroko,8
hum,8
hurray,8
ill,8
indoors,8
invisible,8
jamma,8
jumps,8
knee,8
lamb,8
lane,8
lean,8
lemon,8
lift,8
listening,8
locked,8
lol,8
loosey,8
loving,8
ly,8
madame,8
maids,8
mama's,8
maple,8
marched,8
meatballs,8
mile,8
morn,8
mothers,8
motor,8
nails,8
neither,8
net,8
nowhere,8
officer,8
ol,8
one's,8
parlor,8
passenger,8
patch,8
peach,8
pigeon,8
pin,8
placed,8
plants,8
plowed,8
poached,8
present,8
pressed,8
proper,8
prove,8
q,8
racing,8
rag,8
rid,8
rise,8
rita,8
rivers,8
rug,8
sake,8
sally,8
sarah,8
scream,8
served,8
setting,8
sew,8
shapes,8
shell,8
shopping,8
sisters,8
sixpence,8
skip,8
skunk,8
smash,8
smells,8
smiling,8
smooth,8
snacks,8
sniff,8
snuggle,8
sold,8
solomon,8
someday,8
speaking,8
sped,8
spider,8
squares,8
staring,8
stomach,8
stones,8
stores,8
stumble,8
surrounded,8
swims,8
telling,8
tender,8
they'd,8
thousands,8
tiddle,8
toad's,8
tommy,8
tore,8
tra,8
trail,8
trashy,8
treat,8
trillions,8
tum,8
tumbled,8
tweedle,8
um,8
useful,8
walls,8
war,8
waving,8
wears,8
weeds,8
weeks,8
wheel,8
wheelbarrow,8
whenever,8
whistled,8
willy,8
wine,8
wrapped,8
written,8
x,8
yeah,8
yummy,8
zebra,8
zeg,8
1936,7
aboard,7
airport,7
alarm,7
aloud,7
alphabet,7
amazed,7
amazing,7
annie,7
annual,7
archduke,7
auto,7
balls,7
bar,7
belong,7
berry,7
bits,7
bless,7
blub,7
bobbin,7
bobby,7
bonny,7
brains,7
bruin,7
bucket,7
building,7
bumped,7
buns,7
bunting,7
buried,7
burned,7
burnt,7
buster,7
candle,7
cardboard,7
carrion,7
cart,7
chains,7
charlie,7
checked,7
chose,7
chug,7
church,7
cleared,7
cluck,7
cocky,7
colder,7
collar,7
comfortable,7
cork,7
counting,7
crossly,7
crumpled,7
crusher,7
cuddle,7
cups,7
curl,7
daisy,7
dashed,7
dearest,7
derby,7
difficult,7
digs,7
direction,7
disturb,7
driving,7
drop,7
emma,7
ended,7
enjoy,7
expect,7
extremely,7
farther,7
feathers,7
fishing,7
flapped,7
fred,7
further,7
gander,7
gas,7
gathered,7
gentlemen,7
giggled,7
giving,7
gloria,7
gloves,7
grand,7
gravel,7
growl,7
gun,7
handy,7
hasn't,7
hearts,7
hens,7
hester,7
hiss,7
hog,7
honk,7
hoped,7
hoping,7
hump,7
ickle,7
inch,7
introduced,7
judy,7
junior,7
kill,7
kitty,7
knit,7
lakes,7
larger,7
laughter,7
leap,7
likely,7
lizzy,7
llama's,7
locky,7
longed,7
loudly,7
lupines,7
madeline,7
magical,7
mare,7
mars,7
meanwhile,7
mend,7
merriweather's,7
michael,7
missed,7
mistake,7
mixer,7
mule,7
mungry,7
murmured,7
neigh,7
neighbors,7
nicely,7
nothin,7
ok,7
oven,7
pardon,7
peacock,7
pease,7
peddler,7
pencil,7
pillow,7
pinkalicious,7
pipe,7
plastic,7
plates,7
polly,7
pookie,7
possibly,7
poured,7
powder,7
practice,7
press,7
pretended,7
prettiest,7
puts,7
rabbit's,7
ram,7
rats,7
recess,7
remind,7
resting,7
return,7
roar,7
roaring,7
roars,7
roller,7
sailing,7
scarcely,7
scary,7
several,7
shoot,7
shorts,7
shoulder,7
sister's,7
size,7
skin,7
skipperdee,7
slipped,7
sneaky,7
snowman,7
sons,7
speech,7
speed,7
spell,7
spotted,7
squeak,7
steal,7
steel,7
stocking,7
stopping,7
strangest,7
struck,7
stump,7
suppose,7
sweaters,7
tap,7
tasty,7
thud,7
thumbs,7
tiger,7
tow,7
tray,7
triangles,7
trixie,7
underground,7
unhappy,7
using,7
vet,7
village,7
wagon,7
waits,7
wave,7
weenie,7
witch,7
wondering,7
york,7
11,6
9,6
adventure,6
airplanes,6
american,6
announced,6
antique,6
anxious,6
apart,6
arf,6
axe,6
ba,6
baa,6
backyard,6
banged,6
bars,6
bean,6
beds,6
bessy,6
bicycle,6
bikes,6
bing's,6
blade,6
blind,6
bored,6
bout,6
bug,6
buildings,6
cakes,6
california,6
camel,6
carrying,6
cereal,6
charley,6
cheering,6
chewandswallow,6
chief,6
childhood,6
choice,6
clavel,6
concertina,6
cottage,6
crawl,6
creep,6
cub,6
cute,6
dancer,6
deal,6
decker,6
declared,6
dee,6
deer,6
delighted,6
delivery,6
dessert,6
dickory,6
disappear,6
dollar,6
dong,6
dozen,6
dozing,6
drake,6
drank,6
drapes,6
drawing,6
dreadful,6
dwell,6
eagle,6
elmo's,6
elves,6
empties,6
faint,6
fairy,6
fan,6
fault,6
fireman,6
firemen,6
flag,6
flea,6
flies,6
flip,6
forlorn,6
fourth,6
france,6
frisbee,6
frosty,6
gather,6
gazed,6
ghost,6
giraffe,6
goldilicious,6
grumbled,6
grumpy,6
gum,6
hairy,6
hatt,6
heigh,6
hiding,6
homework,6
honorable,6
hoooo,6
hornpipe,6
hugs,6
icy,6
ing,6
instant,6
iron,6
jealous,6
jeep,6
jerry,6
jill,6
k,6
keeps,6
ketchup,6
kindergarten,6
knife,6
lambs,6
lap,6
lessmore,6
lesson,6
licked,6
licks,6
lifting,6
lips,6
loader,6
locks,6
log,6
logs,6
lord's,6
lumpety,6
melted,6
mittens,6
mobile,6
mostly,6
mouthful,6
moves,6
muff,6
munch,6
nancy,6
necks,6
nick,6
noisy,6
nor,6
noses,6
noticed,6
olivia's,6
owling,6
package,6
paid,6
painters,6
painting,6
pal,6
pan,6
panda,6
pans,6
patient,6
peas,6
peeked,6
peppers,6
persons,6
philip,6
pickled,6
plow,6
plump,6
poodle,6
popperville,6
porridge,6
practicing,6
pretend,6
public,6
puffing,6
pulls,6
pumped,6
raccoon,6
rake,6
raven,6
redbreast,6
rested,6
rhinoceros,6
ridiculous,6
ringing,6
rings,6
rolling,6
rubber,6
rushing,6
sailor's,6
sal's,6
salad,6
santa's,6
schlopp,6
scrambled,6
scrub,6
search,6
searching,6
serve,6
shame,6
shape,6
shed,6
sheets,6
shortcake,6
shouts,6
shows,6
siding,6
sincerely,6
skibble,6
skinny,6
sleeps,6
slug,6
slurp,6
smaller,6
smashed,6
smiles,6
sneakers,6
sneezed,6
sneezing,6
snowed,6
snowflakes,6
sofa,6
soul,6
spelled,6
spend,6
splosh,6
spoil,6
sprinkled,6
squirrel,6
stands,6
starting,6
sticky,6
stout,6
straightened,6
stream,6
tastes,6
taxi,6
team,6
teddy,6
temb,6
thneeds,6
tigers,6
tin,6
tiptoe,6
tire,6
title,6
tock,6
toilet,6
tomato,6
topham,6
trailer,6
tripped,6
troubles,6
truly,6
tuck,6
twas,6
type,6
upset,6
v,6
waah,6
walrus,6
wander,6
weary,6
wickersham,6
wiggle,6
wildly,6
wiped,6
won,6
wooden,6
worn,6
_all,5
1935,5
al,5
alley,5
although,5
amble,5
angelina's,5
ankle,5
anna's,5
antonio,5
aphids,5
arabella,5
armchair,5
art,5
australia,5
bands,5
beard,5
ben's,5
bends,5
biggered,5
biggering,5
bim,5
bim's,5
bird's,5
blackberry,5
boats,5
boil,5
bowed,5
bowls,5
brake,5
brass,5
breaks,5
bridges,5
brightly,5
bubble,5
bun,5
butt,5
butterflies,5
camels,5
camper,5
carle,5
cast,5
catnip,5
cement,5
chalk,5
changing,5
check,5
cheeks,5
chimpanzees,5
chomp,5
chrysanthemum's,5
clearing,5
clerk,5
climber,5
completely,5
cone,5
congratulations,5
cooked,5
costumes,5
coughed,5
cousins,5
cracked,5
cricket,5
crisp,5
crossed,5
crow's,5
crowded,5
cupboard,5
curls,5
customers,5
danger,5
dawson,5
deeds,5
delight,5
desert,5
diamonds,5
digger,5
discouraged,5
discover,5
ditch,5
doth,5
dragged,5
dumb,5
dumped,5
dumpling,5
dumplings,5
duty,5
eighteen,5
elbow,5
electricity,5
elephant's,5
encyclopedias,5
english,5
eve,5
everybody's,5
excellent,5
fa,5
family's,5
famous,5
fantastic,5
feelings,5
fighting,5
fired,5
fireman's,5
flamingo,5
flashlight,5
flavors,5
forehead,5
forests,5
fork,5
form,5
forty,5
foxes,5
foxy,5
francine,5
fried,5
furious,5
gaily,5
gardens,5
gathering,5
genius,5
gigantic,5
glance,5
glug,5
gogol,5
gorgeous,5
gorilla,5
gotten,5
gracefully,5
grade,5
granny's,5
grassy,5
grin,5
groaned,5
guest,5
gulped,5
hark,5
harriet,5
hedgehog,5
heron,5
hides,5
highest,5
highways,5
hmm,5
hoot,5
huh,5
hunted,5
hunter,5
hunting,5
husband,5
ideas,5
immediately,5
impatient,5
insisted,5
jet,5
joke,5
katie,5
kettle,5
kits,5
kuplunk,5
lake,5
lamp,5
landing,5
learning,5
lend,5
leo,5
lets,5
limousine,5
lined,5
lit,5
loaded,5
loxy,5
magician,5
maiden,5
marshall,5
marvelous,5
mattress,5
measured,5
member,5
merrily,5
merrymen,5
midnight,5
milked,5
missage,5
mister,5
mit,5
mmmm,5
months,5
mulberry,5
mustard,5
narrator,5
ned,5
neighbor,5
nibble,5
ninety,5
noah,5
noh,5
nook,5
november,5
oats,5
ordered,5
ostrich,5
owner,5
packages,5
packed,5
painted,5
paints,5
pairs,5
papa's,5
paris,5
parrot,5
patted,5
peanuts,5
peck,5
pepper,5
pets,5
petticoat,5
piglet's,5
pine,5
pins,5
pits,5
pitt,5
pity,5
pizza,5
pleased,5
pockets,5
pony,5
pouch,5
prairie,5
prayers,5
private,5
pulling,5
pumpkin,5
pushkin,5
quacked,5
quarter,5
rabbits,5
raspberry,5
ratburn,5
reindeer,5
reminded,5
rhyme,5
roadster,5
ronald,5
rosebush,5
roses,5
ruler,5
sailors,5
sandra,5
scrape,5
scratching,5
seconds,5
sense,5
september,5
shaped,5
sharing,5
shine,5
shone,5
shorter,5
shoulders,5
sides,5
sixteen,5
slam,5
sliding,5
smoking,5
snakes,5
sniffing,5
snooks,5
snorting,5
snowball,5
snowy,5
snug,5
soccer,5
somehow,5
sorts,5
sour,5
speaks,5
spit,5
splatt,5
splish,5
sport,5
squashed,5
squeeze,5
squeezed,5
squelch,5
squerch,5
stacks,5
state,5
steak,5
steaming,5
steamroller,5
stegosaurus,5
strawberries,5
strength,5
strike,5
student,5
stuffed,5
stupid,5
subway,5
sudden,5
suggested,5
sunglasses,5
sunshine,5
swashy,5
sweep,5
swings,5
swishy,5
sword,5
t'other,5
tarts,5
tattered,5
tembo,5
test,5
thirsty,5
thoughtful,5
throughout,5
tires,5
toll,5
tomatoes,5
tongues,5
toucan,5
towel,5
travel,5
treasure,5
tub,5
tug,5
tunnel,5
twitched,5
typewriter,5
uncles,5
understood,5
ups,5
uses,5
valleys,5
visited,5
vroom,5
waddle,5
wakes,5
warn,5
wearies,5
whispering,5
whither,5
whoa,5
whoever,5
whos,5
wig,5
wink,5
wipe,5
wont,5
works,5
worth,5
wound,5
yards,5
yawn,5
yep,5
0,4
"1,2,3",4
27,4
ad,4
admitted,4
adopt,4
adventures,4
advice,4
africa,4
afterwards,4
alas,4
america,4
angus,4
ankles,4
anthony,4
anxiously,4
arfarfarf,4
armadillo,4
army,4
arranged,4
arriving,4
author,4
automobiles,4
avenue,4
babushka,4
backed,4
bacon,4
bade,4
badger,4
badly,4
bags,4
bapa,4
bare,4
barely,4
barked,4
barnyard,4
base,4
bash,4
bathtub,4
beating,4
beauty,4
beaver,4
begun,4
bellowed,4
ben,4
benjamin,4
bill,4
blah,4
blinked,4
blood,4
boo,4
bore,4
borrow,4
bothering,4
bottomed,4
bouncing,4
bouquet,4
bowling,4
brand,4
brandywine,4
bray,4
breaded,4
breakdown,4
breathing,4
bride,4
bringing,4
broccoli,4
brook,4
bulls,4
buying,4
cab,4
cadet,4
calm,4
camilla's,4
camp,4
canter,4
cape,4
card,4
cards,4
carrier,4
carries,4
carton,4
catsandratsandelephants,4
caw,4
chances,4
chased,4
cheeky,4
cheers,4
chester,4
chewing,4
chills,4
chimney,4
chopper,4
chud,4
cities,4
clearly,4
coach,4
coin,4
command,4
confused,4
construction,4
contents,4
continue,4
conversation,4
cookies,4
cough,4
courage,4
court,4
cradle,4
cranes,4
croak,4
crocodile,4
crusoe,4
crystal,4
cubs,4
cupcake,4
currant,4
cyril,4
d.w,4
dainty,4
darkness,4
dawn,4
depends,4
dinner's,4
dive,4
dizzy,4
dome,4
dont,4
dough,4
dove,4
drawn,4
dresses,4
dried,4
drinking,4
drowned,4
drums,4
dumper,4
dumpty,4
dusted,4
dusting,4
easter,4
eddie,4
elf,4
ellen,4
engineer,4
enormously,4
envelope,4
errand,4
escaped,4
eventually,4
everyone's,4
excitement,4
expected,4
experts,4
faced,4
factories,4
factory,4
fail,4
fastened,4
fastest,4
feather,4
feeds,4
felsh,4
festoon,4
fierce,4
fights,4
figure,4
finest,4
fire's,4
fits,4
fixed,4
fixing,4
flapping,4
fled,4
floats,4
flooded,4
floors,4
flour,4
fluff,4
flung,4
flutter,4
fog,4
football,4
footprints,4
forgive,4
fret,4
frightening,4
frogs,4
frost,4
frowned,4
frozen,4
fuel,4
fuss,4
garage,4
gardener,4
giggles,4
glittery,4
glove,4
gooey,4
gourd,4
grain,4
gramma,4
gramps,4
grandma's,4
greatest,4
greatly,4
greedy,4
grind,4
groat,4
habit,4
habits,4
hack,4
haired,4
handies,4
happens,4
hated,4
healthy,4
hearing,4
heat,4
heavens,4
heels,4
hitch,4
hmmmm,4
hobbledy,4
hollow,4
honored,4
hops,4
horrid,4
hotel,4
howdy,4
however,4
howl,4
howled,4
howling,4
hubbard,4
huffed,4
hugged,4
humpty,4
hurts,4
icebox,4
iddle,4
ignored,4
impossible,4
inches,4
including,4
interrupted,4
ish,4
jane,4
jellyball,4
jockey,4
joey,4
journey,4
joys,4
kack,4
kanga,4
kangaroos,4
keeper,4
keeping,4
kick,4
kidding,4
kindness,4
kitties,4
klack,4
klick,4
knitted,4
knocker,4
knowing,4
knuffle,4
kuplink,4
lad,4
lady's,4
lair,4
lal,4
lands,4
laundry,4
leaned,4
leaning,4
leather,4
leopard,4
lester,4
lick,4
licking,4
lily,4
lip,4
lizards,4
loads,4
lobby,4
lobster,4
locomotive,4
longest,4
louder,4
lovingly,4
lower,4
lucy's,4
luke,4
lullaby,4
lump,4
lupine,4
madrid,4
mailbox,4
mammy,4
man's,4
managed,4
mattresses,4
mawning,4
meals,4
measles,4
medicine,4
medium,4
mended,4
meringue,4
mermaid,4
message,4
meter,4
miller,4
mini,4
mole,4
month,4
moonlit,4
moose,4
mornings,4
mortimer's,4
motorcycle,4
mouths,4
muffin,4
munching,4
mustache,4
mysterious,4
nack,4
napkins,4
narrow,4
ne'er,4
needles,4
nervous,4
newspaper,4
nicest,4
nighttime,4
noises,4
noodle,4
noodles,4
nope,4
nuisance,4
offer,4
oho,4
oldest,4
opening,4
opens,4
oprah,4
oranges,4
outdoors,4
ow,4
paddle,4
pain,4
pajammy,4
pastry,4
pasture,4
patrol,4
pearl,4
pears,4
pebbles,4
pen,4
penalty,4
pencils,4
people's,4
peppermint,4
persian,4
pete's,4
peter's,4
phoebe,4
pieman,4
pig's,4
piglets,4
pilot,4
pipes,4
plainly,4
planes,4
planet,4
plans,4
playground,4
plaza,4
plows,4
plucked,4
pointy,4
poles,4
policeman,4
politeness,4
polka,4
post,4
prance,4
prefer,4
presently,4
president's,4
pretending,4
prickles,4
princesses,4
propeller,4
properly,4
protector,4
putting,4
quarrel,4
races,4
racket,4
rails,4
rainbow,4
raining,4
rains,4
raise,4
rapunzel,4
rattled,4
raw,4
rawther,4
razor,4
reaching,4
refrigerator,4
relax,4
removed,4
rests,4
richard,4
rights,4
roast,4
roasted,4
robber,4
robinson,4
robot,4
rocka,4
rooster,4
roots,4
row,4
rub,4
rubbed,4
rudy,4
rum,4
rumba,4
rumble,4
russia,4
rye,4
safety,4
sailboat,4
sailor,4
sandy,4
sanitation,4
sank,4
satisfied,4
saving,4
scare,4
scattered,4
scold,4
scolded,4
score,4
scratchy,4
scrubbing,4
seasons,4
seated,4
seater,4
serious,4
seventeen,4
shadows,4
shakes,4
shaking,4
sheet,4
shells,4
shelves,4
shooter,4
shoots,4
showing,4
shrieked,4
shutters,4
sights,4
silently,4
siren,4
sizzle,4
skipping,4
skye,4
slip,4
slippers,4
sloth,4
slowed,4
slower,4
smelling,4
smooch,4
sneezes,4
snoozing,4
snore,4
snored,4
snowstorm,4
sonya,4
specialists,4
species,4
spinning,4
spins,4
splashed,4
splashes,4
splitter,4
spots,4
sprinkle,4
square's,4
squeaks,4
squeaky,4
stamped,4
starla,4
startled,4
statue,4
staying,4
stays,4
steady,4
steep,4
steer,4
stepmother,4
stepsisters,4
stiff,4
stomp,4
stranger,4
stretching,4
stronger,4
sue's,4
suits,4
sukey,4
surgeon,4
surrey,4
swarm,4
sweetest,4
sweetie,4
swine,4
tablecloth,4
tailed,4
tallulah,4
tapping,4
television,4
thermos,4
thief,4
thneed,4
thread,4
throwing,4
thumbkin,4
thus,4
thyself,4
tightly,4
tightrope,4
tiptoed,4
toothbrush,4
tops,4
torn,4
touchdown,4
tower,4
traded,4
trapeze,4
traveled,4
treetop,4
tremendous,4
tri,4
triceratops,4
trim,4
tropical,4
tugged,4
tumba,4
tumble,4
tut,4
twig,4
twisted,4
underwear,4
unusual,4
vacation,4
valley,4
vanilla,4
varoom,4
vegetables,4
ville,4
vines,4
viola,4
visitors,4
waiter,4
waked,4
wandered,4
warned,4
waste,4
watchman,4
watermelon,4
watermelons,4
watson,4
welcomed,4
whack,4
whale's,4
whined,4
whipped,4
whisked,4
whistling,4
whom,4
whoosh,4
windmill,4
wins,4
wipers,4
wires,4
wobbled,4
wolf's,4
wondrous,4
woolen,4
workshop,4
world's,4
worm,4
worms,4
worrying,4
worst,4
wump,4
yawned,4
yesterday,4
yo,4
yuck,4
yum,4
zookeeper,4
zoomed,4
12,3
18,3
20,3
207,3
30,3
40,3
a.m,3
aaaaaahhh,3
abcd,3
accompanied,3
acted,3
actually,3
adding,3
admit,3
african,3
aid,3
airplane,3
alice's,3
alike,3
allow,3
altogether,3
angel,3
annabelle's,3
anyhow,3
ape,3
approached,3
apron,3
aquarium,3
ar,3
arrooff,3
aside,3
aunts,3
awesome,3
awhile,3
awoke,3
aye,3
backhome,3
backward,3
backyards,3
baggage,3
baker's,3
bakers,3
baking,3
balance,3
banana,3
bananamobile,3
bananas,3
banderilleros,3
bandy,3
banner,3
bay,3
beacon,3
beam,3
beast,3
beautifully,3
beezle,3
behaved,3
beige,3
belleisle,3
bellowing,3
betty,3
bid,3
billion,3
bin,3
bites,3
blackberries,3
blaze's,3
bloomed,3
blown,3
blushed,3
bluuuuub,3
bob,3
bodies,3
bold,3
bombay,3
bon,3
bookshop,3
bottles,3
bough,3
bounce,3
bravely,3
breaking,3
breathed,3
brighter,3
broad,3
broth,3
brrm,3
bruno,3
brushing,3
bulb,3
bulbs,3
bunk,3
bunnies,3
bunnn,3
burnie,3
burp,3
bursting,3
buses,3
cabbages,3
caboose,3
cackle,3
calendar,3
camping,3
cant,3
canvas,3
caper,3
cared,3
career,3
carl,3
carriage,3
castles,3
cat's,3
catches,3
cattle,3
cawn't,3
celebrate,3
celery,3
certain,3
chanted,3
chapter,3
charms,3
chase's,3
cheek,3
cheep,3
chica,3
chip,3
chips,3
choppa,3
chopped,3
chopping,3
chores,3
chugging,3
churn,3
chute,3
circulation,3
clancy,3
clank,3
clapped,3
clark,3
cleaned,3
cliff,3
cloak,3
clothesline,3
cloudy,3
clucked,3
clump,3
coated,3
code,3
coffin,3
cole,3
collection,3
collector,3
comfort,3
comfy,3
comical,3
comin,3
commuter,3
concluded,3
conditions,3
considerate,3
container,3
coo,3
cornelius,3
corners,3
cost,3
cotton,3
cottontail,3
coupe,3
couple,3
coupled,3
crabtree,3
crashed,3
crawls,3
creak,3
crickets,3
crisscross,3
crowed,3
crows,3
crumble,3
crusts,3
cuddled,3
cure,3
curtain,3
curtsy,3
cushion,3
cushy,3
cutlets,3
cynthia,3
da,3
daddie,3
damp,3
dangling,3
dapple,3
dared,3
darkened,3
darn,3
day's,3
decision,3
ded,3
definitely,3
deserted,3
deserts,3
detective,3
determined,3
diapers,3
diesel,3
diner,3
dinners,3
directly,3
dirtiest,3
disappointed,3
disappointment,3
ditches,3
divine,3
doc,3
dock,3
doctor's,3
dog's,3
dolly,3
don,3
doze,3
dragging,3
drifting,3
drifts,3
drizzle,3
dropping,3
drops,3
drown,3
drowning,3
drumming,3
dull,3
dune,3
eager,3
easily,3
eeyore,3
efg,3
eighty,3
eldest,3
elegant,3
embarrassed,3
emergency,3
engaged,3
enjoyed,3
entered,3
entirely,3
envelopes,3
envy,3
escalator,3
evil,3
excavator,3
exeter,3
exhausted,3
expecting,3
explain,3
extraordinary,3
failed,3
farmers,3
fascinated,3
favor,3
feathered,3
february,3
feeding,3
felicity,3
fetched,3
fiddlers,3
fie,3
fiercely,3
fighters,3
figured,3
finding,3
finds,3
fireflies,3
fishes,3
fishy,3
flashed,3
flashing,3
fleas,3
flight,3
flopsy,3
flora,3
flown,3
foal,3
follows,3
foreman,3
forgetting,3
forklift,3
fortunately,3
forwards,3
fourpence,3
fourteen,3
freezy,3
fright,3
fritter,3
fritz's,3
frosting,3
frown,3
frrooggyy,3
fruits,3
fry,3
gasoline,3
gazing,3
gee,3
georgy,3
glanced,3
glided,3
glittering,3
glorious,3
gloucester,3
glowing,3
goats,3
gobble,3
gobbled,3
gobbles,3
goblins,3
googies,3
google,3
gox,3
gran,3
grasshopper,3
grave,3
grey,3
grickle,3
grocery,3
groomed,3
grop,3
grumbles,3
grundy,3
guide,3
guinea,3
gulp,3
gump,3
guys,3
hallowe'en,3
hammer,3
handful,3
handkerchief,3
happiness,3
harbor,3
harrow,3
haul,3
hazel,3
headdress,3
heap,3
hell,3
helpless,3
hero,3
hester's,3
hissed,3
hissing,3
hobble,3
hobby,3
hogs,3
holmes,3
homes,3
hopefully,3
hoy,3
humans,3
humpf,3
humpy,3
hunger,3
huppa,3
hurrying,3
hustled,3
hyena,3
ian,3
iced,3
icing,3
incredible,3
indian,3
indians,3
interrupting,3
introduction,3
invented,3
invitation,3
invite,3
invited,3
irene's,3
ives,3
jake,3
janitor,3
japanese,3
jelf,3
jewels,3
jingle,3
joan,3
jobs,3
jokes,3
june,3
katie's,3
keepers,3
kingdom,3
kites,3
knave,3
knitting,3
knives,3
kuplank,3
lab,3
lace,3
ladybird,3
lanes,3
language,3
largest,3
lark,3
lasso,3
latch,3
latin,3
leader,3
leaped,3
leaping,3
leapt,3
learnt,3
leeds,3
lessons,3
level,3
lid,3
lies,3
lightning,3
littleman,3
loaf,3
logpile,3
lollipop,3
longman,3
lookout,3
loots,3
lou,3
lurch,3
madder,3
mamma,3
mammals,3
map,3
marble,3
marching,3
margaret,3
marks,3
martha's,3
mashed,3
master's,3
matador,3
max's,3
mcsmogg,3
meetings,3
melinda,3
mell,3
melt,3
melting,3
microchiroptera,3
mild,3
milking,3
miller's,3
mischief,3
miserable,3
miserably,3
misses,3
misty,3
mix,3
moi,3
moms,3
mood,3
moppet,3
mopsy,3
movies,3
mowing,3
muddle,3
muddy,3
muffet,3
mumbled,3
mushroom,3
musn't,3
mustn't,3
muttered,3
mystery,3
naked,3
naptime,3
nasty,3
nate,3
native,3
naught,3
nay,3
nearer,3
nectar,3
needle,3
nelson's,3
nephew,3
nervously,3
nests,3
newest,3
nibbled,3
nickels,3
noble,3
non,3
normal,3
norman,3
notices,3
o.k,3
oak,3
oatmeal,3
occasional,3
offered,3
olives,3
onions,3
ordinary,3
otherwise,3
ouack,3
ouch,3
p.m,3
paced,3
padded,3
paddles,3
pains,3
palm,3
pancakes,3
panda's,3
panted,3
parking,3
partner,3
pascal's,3
passes,3
patched,3
patiently,3
paused,3
peace,3
pear,3
peek,3
peel,3
peered,3
pell,3
perched,3
person's,3
personal,3
petals,3
picadores,3
picker,3
picks,3
picnics,3
pies,3
pigeons,3
piggy,3
pillows,3
pippen,3
pitcher,3
planned,3
plant,3
planting,3
plaster,3
plop,3
pluck,3
plums,3
plunged,3
points,3
poly,3
popular,3
porgy,3
pounce,3
pounds,3
pouring,3
pox,3
practiced,3
precious,3
prepared,3
priest,3
protested,3
pterosaur,3
puddles,3
puppets,3
purred,3
pushes,3
puzzled,3
puzzles,3
queer,3
quit,3
radio,3
rail,3
railcars,3
raisins,3
raja,3
ranch,3
raow,3
rattlesnake,3
reads,3
reel,3
reindeer's,3
relations,3
remarkable,3
remembering,3
ren√©,3
resist,3
response,3
restaurant,3
returning,3
ribbon,3
riders,3
rides,3
ringman,3
ripped,3
robe,3
robin's,3
roger,3
roly,3
rooms,3
roundhouse,3
rows,3
rubbing,3
rubbish,3
rubble,3
rumpelstiltskin,3
rush,3
rushes,3
rust,3
rustling,3
rusty,3
sabbath,3
sandwiches,3
scaly,3
scamper,3
scene,3
scenery,3
schoolhouse,3
schools,3
scoop,3
scored,3
screaming,3
sculptor,3
seaweed,3
secretary,3
seeing,3
selling,3
sentence,3
shaftoe,3
shampooed,3
shaven,3
sherlock,3
shhhhhh,3
shines,3
ship's,3
ships,3
shorn,3
shrunk,3
shyly,3
sieve,3
signals,3
signed,3
ski,3
skidder,3
skies,3
slammed,3
sled,3
slightly,3
slimy,3
slippery,3
slips,3
slows,3
slumbering,3
smith,3
smog,3
smoothed,3
snatched,3
sneak,3
snorted,3
snows,3
snuffed,3
snuggles,3
soldiers,3
someone's,3
sometime,3
sorrow,3
sorrows,3
spain,3
sparkled,3
sparkly,3
speeding,3
spice,3
spilled,3
splendid,3
spoiled,3
spoons,3
spreading,3
springtime,3
spun,3
squeaked,3
squeal,3
squiggly,3
stair,3
stations,3
stellaluna's,3
stickers,3
sticking,3
stile,3
stir,3
stomped,3
storms,3
stove,3
strangers,3
straws,3
streams,3
stretches,3
strings,3
strum,3
studio,3
stumpy,3
sunset,3
sunshiny,3
supermarket,3
swallow,3
swallowed,3
sweeping,3
sweetheart,3
sweethearts,3
sweetly,3
swept,3
swooped,3
swoosh,3
tables,3
tack,3
taffy's,3
tailors,3
tales,3
talks,3
tallest,3
tangerine,3
tasted,3
teachers,3
teasing,3
teenager,3
tennis,3
the.pooh,3
thirteen,3
thoughtfully,3
thunder,3
tickets,3
ticks,3
tide,3
til,3
tilt,3
tips,3
tissue,3
tissues,3
toenails,3
tony,3
toolshed,3
toot,3
toppings,3
towards,3
towns,3
trade,3
trainer,3
treated,3
triangle's,3
trimmed,3
trips,3
trixie's,3
troubled,3
trust,3
trusty,3
tunnels,3
turkey,3
twirled,3
twirly,3
twopence,3
u.s,3
understanding,3
understands,3
unicorns,3
unload,3
untied,3
unto,3
veal,3
waddled,3
waded,3
walker,3
waltzing,3
wand,3
warning,3
wart,3
washer,3
washes,3
washington,3
watches,3
wed,3
weekend,3
whirled,3
whispers,3
whizzed,3
who'd,3
wilderness,3
wilt,3
wilted,3
wind's,3
windy,3
winked,3
winning,3
wishing,3
within,3
wives,3
wizard,3
wolves,3
woo,3
wool,3
woooo,3
worker,3
yawns,3
year's,3
yelling,3
ying,3
yip,3
yopp,3
zack,3
zans,3
zum,3
100th,2
14,2
15,2
15th,2
16,2
17,2
19,2
21,2
50,2
56,2
5th,2
60,2
6th,2
70,2
80,2
90,2
aah,2
aaooga,2
abigail,2
abroad,2
accidents,2
ached,2
aches,2
achy,2
acorn,2
action,2
address,2
adjust,2
admiration,2
admire,2
adore,2
afterward,2
agatha,2
agent,2
ages,2
aggle,2
ahhh,2
aids,2
ain,2
aired,2
aisle,2
alan's,2
ale,2
almond,2
alongside,2
alors,2
aluminum,2
amount,2
amused,2
ann,2
ant,2
ants,2
apgar,2
appear,2
appendix,2
approaches,2
arch,2
area,2
argue,2
ark,2
armored,2
arnie's,2
arrive,2
arrow,2
arrows,2
ashes,2
ashore,2
assigned,2
attacked,2
attendant,2
attic,2
aught,2
august,2
avoid,2
awakened,2
awfully,2
axes,2
axle,2
baaa,2
babar's,2
babs,2
babylon,2
babysit,2
babysitter,2
background,2
backpacks,2
backs,2
bacteria,2
bailey,2
bakeshop,2
ballerinas,2
ballroom,2
balsa,2
banbury,2
banging,2
bangs,2
bantam,2
barber's,2
barking,2
barks,2
barley,2
barm,2
baseball,2
baskets,2
basking,2
bathe,2
batted,2
beak,2
beckoned,2
beehive,2
beer,2
beft,2
beggars,2
behavior,2
bein,2
belonged,2
belts,2
bert,2
betsy,2
beware,2
bewildered,2
bicycles,2
biscuits,2
biting,2
bitten,2
blaaaze,2
blackbirds,2
blades,2
blame,2
blast,2
blinky,2
bloath,2
blocked,2
blooming,2
blossom,2
blossoms,2
blowin,2
bluuub,2
bluuuub,2
boar,2
boast,2
bobbed,2
boggen,2
boiler,2
boiling,2
bolted,2
bonjour,2
bonk,2
bonnie,2
bookshelf,2
booth,2
boston,2
bottoms,2
bounced,2
bounding,2
bows,2
boy's,2
braking,2
bramble,2
brandy,2
braying,2
breakfasts,2
brew,2
brief,2
brighten,2
brightest,2
briskly,2
brontosaurus,2
brooks,2
brownish,2
bruised,2
brushes,2
buckle,2
buckles,2
budge,2
bull's,2
bullet,2
bullets,2
bumblebee,2
bumblebees,2
bumperman,2
bungle,2
bureau,2
burps,2
bust,2
butting,2
buttoned,2
c'mon,2
cabin,2
campers,2
campfire,2
campsite,2
canals,2
canary,2
candies,2
cane,2
canning,2
cannon,2
captured,2
carelessly,2
cares,2
carle's,2
carols,2
carpenter,2
carrie,2
carrotcar,2
carving,2
catalogues,2
catching,2
ceased,2
ceilings,2
celebrated,2
celebration,2
cellars,2
cha,2
chain,2
champion,2
changes,2
charged,2
charles,2
chatter,2
cheap,2
checking,2
checkup,2
cheery,2
cherish,2
cherries,2
chess,2
chickens,2
chid,2
children's,2
china,2
chirp,2
chirruped,2
choppin,2
chops,2
chopsticks,2
christened,2
churning,2
cigar,2
cinderumpelstiltskin,2
cinnamon,2
circled,2
circling,2
clam,2
clambered,2
classmates,2
claus,2
claw,2
cleaning,2
clears,2
climbs,2
closing,2
clowns,2
club's,2
clue,2
clung,2
clutch,2
clutched,2
clutching,2
coachman,2
coats,2
cockadoodledoo,2
cocked,2
cocoa,2
cocoon,2
codlins,2
collect,2
collected,2
collecting,2
college,2
colt,2
combed,2
comfortably,2
comforting,2
companion,2
competition,2
complaining,2
computer,2
confess,2
considered,2
constable,2
containers,2
contrary,2
cooking,2
copper,2
copying,2
coral,2
corked,2
coronation,2
corvette,2
costume,2
couch,2
countless,2
cowboy,2
crackers,2
crammed,2
crawler,2
creams,2
creeping,2
crimes,2
crimson,2
crocodile's,2
crocus,2
crossing,2
crowns,2
crummies,2
crunchy,2
crust,2
crybaby,2
crystals,2
cucumber,2
cuddles,2
curled,2
curse,2
curtains,2
curves,2
custom,2
cuts,2
cutting,2
cyclops,2
daddy's,2
dads,2
daffodils,2
daintily,2
dam,2
damaged,2
dancers,2
dances,2
dandelion,2
dandy,2
dank,2
daring,2
darington,2
dash,2
dashing,2
dawdle,2
dears,2
death,2
deceive,2
december,2
deck,2
decorate,2
deeper,2
delicate,2
delivered,2
delphinium,2
deluxe,2
demand,2
desperately,2
dew,2
di,2
dialed,2
didnt,2
dies,2
diet,2
difference,2
dimes,2
dingy,2
dining,2
dip,2
dirtier,2
disappearing,2
disaster,2
disguise,2
displeased,2
distinguished,2
distraction,2
diva,2
diver,2
doily,2
doll,2
donald,2
doorknob,2
doornail,2
doot,2
dope,2
doubt,2
downer,2
downtown,2
downy,2
dozens,2
drag,2
dragon's,2
dragonflies,2
dragster,2
drain,2
drawers,2
dreamer,2
drift,2
drifted,2
dripped,2
drippy,2
drivers,2
dromedary,2
droopier,2
drummer,2
drunk,2
duckbill,2
dues,2
dun,2
dupree,2
e'er,2
earlier,2
earrings,2
easier,2
eater,2
echo,2
education,2
egypt,2
eighth,2
eights,2
elbows,2
embarrassing,2
emblem,2
emily,2
enchanted,2
endless,2
enter,2
equal,2
er,2
eraser,2
est,2
eunice,2
everything's,2
example,2
excepting,2
excitedly,2
exercise,2
exercises,2
existed,2
exit,2
expectant,2
explore,2
fade,2
fairly,2
fairy's,2
familiar,2
families,2
fare,2
farewell,2
farthing,2
feared,2
fears,2
fences,2
ferocious,2
festive,2
festivities,2
fever,2
fiddler,2
fidelity,2
fielder's,2
fiercest,2
fiery,2
fifth,2
filed,2
filling,2
finch,2
fir,2
firemen's,2
firm,2
fisherman,2
fishin,2
flaggle,2
flappy,2
flash,2
flavor,2
flee,2
fleece,2
flinders,2
flipped,2
flippers,2
flipping,2
flock,2
flood,2
flopped,2
flu,2
flushes,2
flutes,2
fluting,2
fluttering,2
folk,2
fooled,2
foolish,2
footsteps,2
forced,2
formed,2
fort,2
fortune,2
foster,2
frame,2
francisco,2
freedom,2
freighter,2
frequently,2
friendliest,2
frighten,2
frills,2
froze,2
frumpaty,2
fudge,2
fungus,2
funniest,2
furnace,2
fussed,2
fussy,2
future,2
g'bye,2
gabby,2
gack,2
gap,2
garters,2
gaze,2
gentleman,2
gifts,2
giggle,2
gleamed,2
gliding,2
gloomily,2
gloomy,2
glow,2
glue,2
glued,2
gluey,2
glum,2
glupp,2
gluppity,2
gnashed,2
godzilla,2
goggles,2
golf,2
goodies,2
gooseberry,2
gopher,2
gorse,2
gotham,2
grabbing,2
gracious,2
grader,2
graders,2
granddaughter,2
grandfather's,2
grasped,2
grateful,2
gravely,2
grease,2
greasy,2
greater,2
greet,2
greetings,2
grim,2
grimes,2
groan,2
groans,2
gross,2
grounds,2
grover,2
growed,2
growled,2
growling,2
growly,2
guarded,2
guarding,2
guessed,2
gums,2
guns,2
gus,2
gust,2
gusts,2
ha'penny,2
hadrosaur,2
haircut,2
hairs,2
halfway,2
hallo,2
halloween,2
hamburger,2
hame,2
hangin,2
happier,2
happiest,2
hardest,2
hart,2
hates,2
hath,2
hawk,2
headache,2
headquarters,2
heaping,2
hears,2
heartless,2
hearty,2
heather,2
hee,2
hei,2
helen,2
helpful,2
helps,2
hesitated,2
hick,2
hickory,2
hijk,2
hike,2
hip,2
hips,2
hitchhiker,2
hmmm,2
hmmmmm,2
hockey,2
hoe,2
hoeing,2
holds,2
holiday,2
holler,2
hollered,2
hollering,2
hollows,2
homeless,2
homemade,2
homer,2
honest,2
honking,2
hoop,2
hoops,2
hopeless,2
hopes,2
horner,2
horton's,2
host,2
hound,2
hovering,2
huddled,2
huffing,2
huggy,2
hullo,2
humor,2
humpfed,2
hunch,2
hurled,2
hurting,2
hustle,2
hustling,2
imagined,2
impolite,2
included,2
indignantly,2
ingredient,2
injured,2
inquiring,2
inspired,2
instance,2
instruments,2
intend,2
interest,2
interested,2
interesting,2
intery,2
islands,2
isnt,2
it'll,2
itch,2
itchy,2
ivy,2
jack's,2
jackets,2
jade,2
jamboree,2
jasmine,2
jealousy,2
jennifer,2
jiggety,2
jiggle,2
jim's,2
jimmy,2
jog,2
johnny's,2
joyfully,2
jumper,2
junk,2
justice,2
keen,2
ken,2
kettles,2
kicked,2
kiddies,2
kilkenny,2
klabble,2
knight,2
knights,2
knobbly,2
knocks,2
kooky,2
l'm,2
laddie,2
lala,2
larder,2
lauk,2
laundromat,2
laurie,2
lawns,2
laws,2
lazybones,2
lckle,2
leafy,2
leftovers,2
lentil,2
lerkim,2
lettuce,2
liar,2
lightbulb,2
lighted,2
lighter,2
lightly,2
lilac,2
limb,2
limp,2
linen,2
ling,2
linked,2
lion's,2
lippity,2
listens,2
lively,2
lizard,2
loafers,2
local,2
locket,2
locomotion,2
lonesome,2
longing,2
loot,2
loudest,2
louise,2
loveliest,2
lowers,2
loyalty,2
luggage,2
luke's,2
lumber,2
lumps,2
lunches,2
lurched,2
ma's,2
maaa,2
mae,2
magnificent,2
maid's,2
majesty,2
male,2
mallards,2
mamas,2
manage,2
mangy,2
maniacbug,2
mannered,2
mantis,2
marbles,2
marcia,2
marie,2
marked,2
marries,2
marrow,2
marshall's,2
marshmallow,2
marveled,2
mary's,2
mask,2
masts,2
match,2
matches,2
maurice,2
mayonnaise,2
mcgillicuddy,2
mcgregor's,2
meadows,2
meaner,2
meaning,2
measure,2
measuring,2
meatball,2
meets,2
megaphone,2
mellon,2
melons,2
men's,2
mention,2
menu,2
merchants,2
mercy,2
metal,2
milford,2
milk's,2
milkman,2
mill,2
minds,2
minnie,2
minnow,2
mintery,2
mire,2
mist,2
moan,2
model,2
models,2
modern,2
modestly,2
moisty,2
moment's,2
monstrous,2
moo'd,2
mope,2
moral,2
morris's,2
morrow,2
mortal,2
motion_,2
motto,2
mourner,2
movers,2
ms,2
muffler,2
multiplication,2
mummy's,2
mumps,2
muscles,2
museum,2
mush,2
musical,2
mustn'ts,2
necessary,2
neighbor's,2
nibblin,2
nickel,2
niece,2
niggledy,2
night's,2
nightgowns,2
nikolai's,2
nimble,2
nod,2
nool,2
nous,2
nozzle,2
oatsdale,2
obey,2
occurred,2
oceans,2
octopus,2
odd,2
oiled,2
omelet,2
onion,2
oo,2
ooh,2
oooh,2
ooooo,2
ooooooo,2
ooooooooo,2
ooooooooooooooooooo,2
opportunities,2
opposite,2
organizing,2
orphan,2
otis,2
ours,2
outer,2
outfit,2
outline,2
overall,2
overalls,2
overhead,2
overnight,2
ox,2
pad,2
pads,2
pahs,2
paintings,2
pajan,2
pale,2
pandy,2
pantry,2
pap,2
paperweight,2
parcheesi,2
parked,2
parson,2
particularly,2
partly,2
passage,2
patchy,2
pathetic,2
paths,2
patience,2
patterns,2
paul's,2
pawing,2
paying,2
pays,2
peaceable,2
peaceful,2
peacefully,2
pedal,2
pedals,2
pedlar,2
pee,2
peeks,2
peeled,2
peeped,2
peeping,2
pendleton,2
penguins,2
performance,2
period,2
perked,2
perky,2
petticoats,2
pickup,2
pillowcases,2
pinch,2
pinker,2
pint,2
piped,2
pipelayer,2
piper's,2
piping,2
pish,2
pit,2
plains,2
plank,2
planning,2
platform,2
player,2
plays,2
pleaded,2
pliers,2
plug,2
plugged,2
poems,2
poisonous,2
polished,2
ponies,2
poo,2
poo'd,2
poof,2
pooh's,2
popcorn,2
pork,2
possess,2
possible,2
postman,2
potato,2
pound,2
pounding,2
pour,2
poverty,2
powdered,2
power,2
powered,2
pranced,2
prancing,2
praying,2
preparing,2
pressing,2
print,2
prints,2
prison,2
privacy,2
prob'ly,2
promenade,2
promises,2
proved,2
prune,2
prunella,2
psalm,2
psst,2
publisher,2
puffs,2
pump,2
pumpkins,2
punched,2
pupil,2
pupils,2
puppet,2
purr,2
pussy's,2
puzzle,2
quacking,2
quicksand,2
racer,2
racers,2
rack,2
radishes,2
railway,2
raindrops,2
rap,2
rare,2
rash,2
rathburn,2
rattling,2
ray,2
rays,2
realizes,2
reasons,2
reassures,2
received,2
records,2
referring,2
refreshed,2
refrigerators,2
refused,2
reginald,2
regular,2
reigate,2
relief,2
remain,2
repaired,2
reply,2
report,2
reporter,2
reporters,2
rescued,2
responsible,2
revolving,2
rex,2
rhinoceroses,2
rhinos,2
ridden,2
rider,2
rinsed,2
ripe,2
ripping,2
ripple,2
rises,2
risked,2
riverbank,2
riverboat,2
roadbed,2
roadwork,2
rob's,2
robbers,2
robbery,2
robbin,2
roo,2
rooff,2
rooftops,2
rook,2
roosters,2
ropes,2
rosy,2
route,2
rowboat,2
rowed,2
rubs,2
rudely,2
rudeness,2
rugs,2
ruined,2
rumbled,2
rump,2
runaway,2
runny,2
sabine,2
sacks,2
sala,2
salomone,2
san,2
sands,2
sardines,2
sasha,2
satisfaction,2
saturdays,2
sauce,2
saylor,2
scampered,2
scarecrow,2
scat,2
scent,2
scholar,2
science,2
scientific,2
scissors,2
scoot,2
scooter,2
scotch,2
scraped,2
scratches,2
screeched,2
screwed,2
scrubbed,2
scruffy,2
scurry,2
se,2
seagull,2
seagulls,2
seal,2
seas,2
seldom,2
selectmen,2
self,2
selfsame,2
sending,2
servant,2
serves,2
sewing,2
sewn,2
shabby,2
shaftoe's,2
shaker,2
shakin,2
shearing,2
shelter,2
shes,2
shhh,2
shined,2
shirker,2
shirley,2
shivered,2
shivering,2
shmellafint,2
shock,2
shopper,2
shoppers,2
shortcut,2
shortly,2
shove,2
shoved,2
shoving,2
showers,2
shroud,2
shrugged,2
shuffling,2
sidewalks,2
sideways,2
siege,2
signalmen,2
signs,2
sill,2
siller,2
silvery,2
sinking,2
sip,2
sipped,2
sippy,2
site,2
sixth,2
sizes,2
skated,2
skit,2
skoodle,2
slap,2
slaves,2
sleek,2
sleepily,2
sleeve,2
slender,2
slenderer,2
slick,2
slides,2
slim,2
slinger's,2
slipping,2
slither,2
sliver,2
slomp,2
sloosh,2
slope,2
slump,2
sly,2
smack,2
smacking,2
smallest,2
smartest,2
smelly,2
smokey,2
smoothly,2
snails,2
snap,2
snappers,2
snaps,2
snarling,2
snowing,2
snuff,2
snuggled,2
snugly,2
snuvs,2
soaking,2
soapbox,2
soar,2
sock,2
soda,2
soggy,2
somebody's,2
something's,2
sond,2
songs,2
soothe,2
soundly,2
sow,2
sowing,2
spa,2
spaceship,2
spade,2
spark,2
sparkle,2
sparkles,2
speckled,2
speeds,2
spelling,2
spelt,2
spiders,2
spiderwebs,2
spied,2
spinach,2
spirits,2
spitballs,2
spite,2
spoiling,2
spoken,2
sponge,2
spoonful,2
spooning,2
sprained,2
sprat,2
spray,2
sprouted,2
sprouts,2
spying,2
squash,2
squeaking,2
squealed,2
squid,2
squirt,2
stag,2
staler,2
stammered,2
stare,2
starla's,2
starving,2
states,2
steadily,2
stealing,2
stepping,2
sternly,2
sticker,2
sting,2
stolen,2
stomachache,2
stomps,2
stony,2
stool,2
stored,2
storing,2
story's,2
stray,2
stretch,2
strife,2
stripy,2
stroked,2
stroll,2
strolled,2
strolling,2
struggled,2
strut,2
stubborn,2
stubby,2
stumpaty,2
subject,2
subjects,2
succeed,2
suited,2
sulky,2
summer's,2
sun's,2
sunburn,2
sung,2
sunk,2
sunroof,2
supplies,2
support,2
supreme,2
surface,2
surfboard,2
survived,2
suspicious,2
swans,2
swapped,2
swaying,2
sweeper,2
swift,2
swimmer,2
swinging,2
swirl,2
swirling,2
swishing,2
switched,2
swomee,2
swooping,2
swore,2
sylvia,2
t.v,2
ta,2
tailor,2
talkin,2
tame,2
tang,2
tangle,2
tangled,2
tapped,2
tar,2
tattletale,2
taxis,2
teaching,2
teased,2
ted,2
teeny,2
telephoned,2
tenement,2
terriblest,2
tested,2
thanksgiving,2
thats,2
theater,2
therapist,2
therefore,2
thigh,2
thimble,2
this'll,2
thorn,2
thrilled,2
thrown,2
throws,2
thumpaty,2
thumps,2
thundered,2
thunk,2
ticket,2
tickling,2
timber,2
ting,2
tinkle,2
tipped,2
tisha,2
tittlemouse,2
tobago,2
tocks,2
tokyo,2
tongs,2
tons,2
toothed,2
toowhoo,2
torch,2
toss,2
tougher,2
towed,2
towering,2
towing,2
townspeople,2
trace,2
tractors,2
trailers,2
trailing,2
train's,2
trained,2
training,2
tramping,2
transporter,2
trap,2
trembled,2
trembling,2
tries,2
trolley,2
trotting,2
trout,2
trudged,2
trumpet,2
trumpeting,2
tryin,2
tucker,2
tucks,2
tuft,2
tufts,2
tugs,2
tumbling,2
tummies,2
turnin,2
turnips,2
tusks,2
tuttle,2
twiddle,2
twin,2
twirl,2
twirls,2
twisting,2
twists,2
twitch,2
types,2
unattractive,2
uncertain,2
uncoupled,2
undone,2
undust,2
unfortunately,2
uniform,2
uniforms,2
uninvited,2
unique,2
united,2
universe,2
unlucky,2
unpleasant,2
unscrewed,2
upper,2
uptown,2
useless,2
utterly,2
vale,2
vanished,2
vase,2
velvet,2
vexation,2
vexed,2
victor,2
victory,2
victuals,2
vincent,2
vine,2
violet,2
violets,2
violin,2
vipper,2
virginia,2
virus,2
visitor,2
vlad,2
voted,2
votes,2
vowed,2
wagged,2
waggled,2
waggy,2
wail,2
wails,2
waiters,2
wakeful,2
waking,2
wandering,2
warmer,2
warming,2
warmly,2
watered,2
watts,2
wealth,2
weave,2
weddings,2
wedged,2
weeping,2
weighs,2
weight,2
weird,2
western,2
whaaaat,2
whales,2
what'd,2
whats,2
whew,2
whey,2
whimpers,2
whip,2
whirling,2
whistles,2
wiggled,2
willing,2
wilmington,2
winkie,2
winner,2
wintertime,2
wintry,2
wiping,2
withered,2
woe,2
wonderfully,2
wooooo,2
workmen,2
wouldnt,2
wrap,2
wrapping,2
wraps,2
wrecked,2
wrecking,2
wrenched,2
wrens,2
wrestled,2
wrist,2
writer,2
writes,2
y'know,2
ya,2
yapping,2
yea,2
yells,2
yelp,2
yelped,2
yelping,2
yeow,2
yink,2
yon,2
yonder,2
youre,2
yourselves,2
yucky,2
zachary,2
zang,2
zipped,2
zugg,2
_keep,1
_that_,1
0,1
10.2,1
105,1
109,1
10th,1
123,1
12th,1
13,1
135,1
170,1
1988,1
1st,1
"2,3",1
200,1
22,1
24,1
25,1
36,1
38,1
39,1
"4,000",1
53,1
58,1
800,1
87,1
8th,1
"9,8,7",1
98,1
99,1
aaaa,1
aaah,1
aaeee,1
abandon,1
abc,1
abcde,1
abcs,1
abdul,1
abouth,1
abracadabra,1
abracadin,1
absolute,1
abuses,1
accelerated,1
accelerating,1
accepted,1
accepting,1
accordions,1
account,1
ache,1
achieve,1
ack,1
acquaintance,1
acrobats,1
acting,1
actor,1
add,1
addressed,1
adds,1
adieu,1
admired,1
admiring,1
admittance,1
adults,1
advance,1
advertising,1
advise,1
advised,1
affair,1
affairs,1
affectionately,1
afghan,1
afghanistan,1
afloat,1
afternoon's,1
afternoons,1
age,1
aghast,1
agreeable,1
ahh,1
ahoy,1
aim,1
aimed,1
aimlessly,1
airmail,1
airports,1
al.most,1
al.ways,1
alabama,1
alabone,1
alack,1
alaska,1
albie's,1
alehouse,1
alexander's,1
alfalfa,1
ali,1
alia,1
alien,1
allegiance,1
allen,1
allergies,1
allergists,1
alleys,1
almanac,1
almonds,1
alphabetical,1
amaze,1
amazon,1
america's,1
amiable,1
amid,1
amnythyst,1
amongst,1
amos's,1
amounts,1
ampersand,1
amphibian,1
amphibians,1
anchor,1
andcheck,1
ande,1
andover,1
ands,1
anesthesiologist,1
angels,1
angriest,1
animal's,1
ankle's,1
ankylosaur,1
ann's,1
annie's,1
announce,1
announcements,1
announcer,1
announces,1
antennae,1
antlers,1
anybody's,1
apartments,1
apologized,1
apparently,1
appearance,1
appearing,1
appetite,1
appoint,1
appointment,1
appreciate,1
approval,1
apt,1
archduke's,1
arena,1
argentina,1
argued,1
arigato,1
aristocrats,1
arithmetic,1
arlene,1
arose,1
arrange,1
arrangement,1
arrested,1
arrgh,1
arrivals,1
arrives,1
artificial,1
artist,1
artistic,1
ashalt,1
ashamed,1
assorted,1
assure,1
astonished,1
astonishment,1
astounded,1
astounding,1
astride,1
atmospheric,1
atop,1
attached,1
attack,1
attend,1
attendants,1
attentionthat,1
attitude,1
audrey,1
auntie,1
authority,1
automobile,1
autumn,1
averill,1
avoiding,1
aw,1
await,1
awaited,1
awakens,1
aware,1
awed,1
awkward,1
awl,1
awning,1
awwwk,1
ax,1
ay,1
azure,1
b's,1
baaaa,1
babble,1
babbling,1
babby,1
babe,1
baboons,1
babyish,1
babysitters,1
babysitting,1
bachelor,1
backhoe,1
backpackcheck,1
backrest,1
backseat,1
backwoodsman,1
badlands,1
bah,1
bait,1
bakin,1
balancing,1
bald,1
ballerina,1
ballet,1
balloon's,1
baloney,1
bamboo,1
bangerville,1
banjos,1
banks,1
banyan,1
bappity,1
barbara's,1
barbed,1
barbershop,1
barge,1
barker's,1
barnaby,1
barnes,1
barney,1
barns,1
barooom,1
baroque,1
barosaur,1
barrel,1
barrels,1
barren,1
basement,1
bashed,1
bask,1
bates,1
bathrobe,1
bathtime,1
battered,1
battery,1
battles,1
bavaria,1
bawled,1
bay's,1
bayou,1
bays,1
bazookas,1
bbc,1
beaches,1
beacons,1
beads,1
beady,1
beaks,1
beamed,1
beams,1
beanstalk,1
bearded,1
bearmine,1
beas,1
beaten,1
beats,1
beavers,1
beckon,1
becky,1
bedbugs,1
bee's,1
beech,1
beefy,1
beeper,1
beeping,1
beeps,1
beers,1
beet,1
beets,1
beggar,1
begging,1
beginners,1
begrudging,1
beguiling,1
behaving,1
belch,1
belching,1
believed,1
bellar,1
bellies,1
belongs,1
belted,1
bench,1
benches,1
bennett's,1
bergdorf's,1
berryband,1
berryland,1
berserk,1
berths,1
bess,1
betting,1
betty's,1
betwixt,1
bewitched,1
bib,1
biddies,1
bidding,1
bids,1
bigshot,1
bimm,1
binding,1
bindings,1
binoculars,1
bins,1
biplane,1
bipping,1
birdie,1
birth,1
birthdays,1
bitter,1
bittersweet,1
bitty,1
bixby,1
bizarre,1
blab,1
blackbird,1
blackest,1
blacksmith,1
blaggle,1
blamed,1
blank,1
blares,1
blasted,1
blazin,1
bleach,1
bleak,1
bleating,1
bleed,1
bleeded,1
blended,1
blessed,1
blessings,1
blest,1
blibber,1
blinking,1
blinks,1
bliss,1
blithe,1
blitzen,1
blizzard,1
blocking,1
blondish,1
bloodiness,1
bloogs,1
bloom,1
bloomp,1
blotches,1
blouse,1
blower,1
blubber,1
blubbers,1
blubbery,1
blueish,1
blurring,1
blurted,1
blustery,1
bluub,1
bluuuue,1
bluuuuuuub,1
bly,1
boar's,1
boarded,1
boards,1
boasting,1
bobby's,1
bobo,1
bodyguard,1
bofa,1
bog,1
boldero,1
bolin,1
bomb,1
bombers,1
bombs,1
boneless,1
bonner,1
bonnet,1
boogied,1
boohoo,1
book's,1
bookish,1
bookstore,1
boomberry,1
boomed,1
booms,1
boon,1
bop,1
bopperville,1
border,1
borrowed,1
boss,1
bossy,1
bothered,1
bottle's,1
bottled,1
botto,1
boulder,1
boulders,1
bouncy,1
bound,1
bounded,1
bowing,1
boxcar,1
boxcars,1
boysenberry,1
br,1
braid,1
braids,1
brainy,1
brambles,1
brassberry,1
braved,1
bravo,1
brayed,1
brazil,1
breast,1
breathe,1
breathes,1
breeches,1
brewed,1
brickbats,1
brickle,1
bridal,1
bridle,1
brier,1
brightened,1
brightens,1
brilliant,1
brilliantly,1
brillo,1
bristles,1
bristling,1
bristol,1
brittle,1
brontosauri,1
brooms,1
brotherhood,1
bruins,1
brunch,1
brussel,1
bubbled,1
bubbling,1
bucketful,1
buckingham,1
buckled,1
bucks,1
bud,1
budded,1
buddy,1
buds,1
buffalo,1
buffers,1
bugged,1
buggies,1
bugging,1
builds,1
bulging,1
bulky,1
bulldog,1
bullfinch,1
bullring,1
bum,1
bumbling,1
bumpers,1
bumping,1
bumpity,1
bunks,1
bunyan,1
bur,1
burial,1
burns,1
burped,1
burrow,1
burrowing,1
burrows,1
bury,1
busboy,1
busboys,1
bushel,1
bushels,1
busily,1
businesses,1
busted,1
buster's,1
butpresto,1
buttercream,1
buttered,1
butterfy,1
butterscotch,1
button's,1
buxbaum,1
buyer,1
buys,1
buzzer,1
c'est,1
cabbage,1
cadet's,1
cadets,1
caesar's,1
caf√©,1
caged,1
caked,1
cakefree,1
callin,1
calmed,1
calmity,1
calves,1
cam,1
camped,1
canada,1
candied,1
candle's,1
candles,1
candlestick,1
cannibals,1
cannons,1
canoe,1
canoeberry,1
canteen,1
capable,1
capital,1
captivated,1
captive,1
caramel,1
careers,1
cargo,1
caribbean,1
caried,1
caring,1
carnation,1
carol,1
carp,1
carpet,1
carpets,1
carriages,1
carryings,1
carsick,1
cartoons,1
cartwheel,1
carved,1
casts,1
catalog,1
catering,1
catherine's,1
cauldron,1
caused,1
caution,1
cautioned,1
cautiously,1
cavin,1
caving,1
cavity,1
cavort,1
cease,1
ceasing,1
celebrating,1
cellophane,1
cent,1
centers,1
ceremony,1
chalks,1
challah,1
chamber,1
chamomile,1
champ,1
championing,1
championship,1
chanced,1
chandeliers,1
changin,1
channel,1
channels,1
chanting,1
chap,1
chapel,1
character,1
charades,1
chart,1
chases,1
chat,1
chats,1
chattered,1
chattering,1
chatting,1
chauffeur,1
cheat,1
checkerboard,1
checkout,1
checks,1
cheeked,1
cheerful,1
cheerfully,1
cheeries,1
cheerily,1
cheeseburger,1
cheeseburgers,1
cheesy,1
chef,1
chemical,1
cherished,1
chests,1
chewy,1
chicago,1
chickie,1
chief's,1
chilled,1
chilly,1
chimneys,1
chimps,1
chinese,1
chinny,1
chipped,1
chiroptera,1
chirping,1
chitter,1
choke,1
choked,1
choking,1
chooooooo,1
chooses,1
choosing,1
chop,1
chore,1
chuckled,1
chuggsa,1
chugs,1
chum,1
chunks,1
chunky,1
churches,1
cider,1
cinders,1
civil,1
civilian,1
clackberry,1
claimed,1
claims,1
claire,1
clams,1
clanged,1
clanking,1
clapping,1
claps,1
clara,1
clarinets,1
clasped,1
classified,1
clattered,1
clatterin,1
clatters,1
claudette,1
claus's,1
clawed,1
cleaner,1
clergyman,1
cleverly,1
climate,1
climates,1
cling,1
clipped,1
clippy's,1
clomped,1
clomping,1
closely,1
closest,1
closets,1
cloth,1
clothe,1
clothed,1
clothing,1
cloudberry,1
clovers,1
clown's,1
clubhouse,1
clubs,1
clucking,1
clumps,1
clumsy,1
clutters,1
clyde,1
coals,1
coast,1
coastal,1
coaster,1
coasting,1
coaxed,1
coaxing,1
cobbler's,1
cobwebs,1
cock's,1
cockatoos,1
cockle,1
cocks,1
cod,1
cohn,1
coil,1
coldest,1
collapsed,1
collapsing,1
colts,1
columbus,1
colvin,1
combing,1
combs,1
comedians,1
comet,1
comfits,1
comforter,1
comic,1
commanded,1
commencerons,1
commen√ßerons,1
comment,1
committed,1
common,1
compare,1
compared,1
compartment,1
complain,1
complained,1
complete,1
compliment,1
composed,1
compote,1
concern,1
concertina's,1
concrete,1
condensed,1
conductor's,1
conductors,1
cones,1
confetti,1
confusing,1
congratulate,1
congratulated,1
consent,1
conservatory,1
consider,1
considering,1
consisted,1
constantly,1
contagious,1
contains,1
content,1
continues,1
contract,1
contrive,1
convenient,1
convinced,1
coo'd,1
cook's,1
cooled,1
cooley,1
coombs,1
coop,1
coordinate,1
coos,1
cooties,1
copies,1
cops,1
copy,1
cord,1
corduroy's,1
corks,1
correct,1
corset,1
costs,1
cottonwood,1
coughing,1
coughs,1
counter,1
counts,1
county,1
coupling,1
couplings,1
coupon,1
courtesy,1
courthouse,1
courting,1
courtly,1
courts,1
cousine,1
covent,1
covering,1
cow's,1
cowardly,1
cowgirl,1
crabs,1
crack'd,1
crackabone,1
crackle,1
cracks,1
craft,1
crafty,1
cranberry,1
crank,1
cranky,1
crashes,1
crass,1
crawly,1
crayfish,1
crayonscheck,1
craze,1
creaking,1
creaky,1
creamy,1
created,1
creating,1
creations,1
creatively,1
creativity,1
creatures,1
credit,1
creeeak,1
creek,1
creeps,1
crew,1
crib,1
crime,1
crinkly,1
crippled,1
crispy,1
croaked,1
crocodiles,1
crook,1
crookedly,1
crooned,1
crosses,1
crosstown,1
crrrunch,1
cruddy,1
crude,1
cruffulous,1
crullers,1
crumb,1
crunched,1
crushed,1
crusher's,1
crushes,1
crushing,1
crusty,1
cryin,1
cubby,1
cuckoo,1
cuckoo'd,1
cucumbers,1
cuddly,1
cunning,1
cupboards,1
cupcakes,1
cupid,1
cupped,1
curb,1
curdled,1
curds,1
cured,1
curiously,1
cursed,1
curve,1
curved,1
curvy,1
cutery,1
cutlet,1
cutter,1
cycle,1
cymbals,1
d'ye,1
dabbed,1
dach√©,1
dad's,1
daddie's,1
daffing,1
daffy,1
dah,1
daily,1
daintiest,1
dairy,1
dake,1
dakota,1
damage,1
dan,1
dancin,1
dander,1
danton,1
dares,1
darked,1
darkening,1
darker,1
darkest,1
darlington,1
darting,1
dates,1
daughters,1
davey,1
david's,1
daw,1
daylight,1
daytime,1
dazed,1
deaf,1
deafblindness,1
deafening,1
dean,1
dearie,1
dearly,1
deary,1
debutantes,1
deceit,1
deception,1
decides,1
deciding,1
decks,1
declares,1
decorations,1
dedicate,1
deed,1
deeply,1
deft,1
dejuner,1
delicacies,1
delirious,1
delish,1
deliver,1
delivering,1
dellar,1
delve,1
demonstrated,1
denise,1
dentist's,1
denying,1
depart,1
depend,1
dependable,1
depressing,1
descended,1
describe,1
described,1
deserve,1
deserved,1
deserves,1
deserving,1
design,1
desist,1
desks,1
despair,1
despaired,1
desperate,1
despite,1
destination,1
destined,1
detail,1
detest,1
develop,1
develops,1
devil's,1
deviled,1
devilish,1
devoured,1
devouring,1
dewdrops,1
dexterous,1
diabetes,1
diabolical,1
dial,1
dials,1
dick,1
dickens,1
dickery,1
dicky,1
dictionary,1
differently,1
diggers,1
diggin,1
dignified,1
diller,1
dilly,1
dim,1
dims,1
dine,1
dines,1
dinkety,1
direct,1
directed,1
directions,1
dis,1
disabilities,1
disap,1
discontented,1
discov,1
discoverer,1
discuss,1
discussed,1
disguised,1
disgust,1
disgusting,1
dishy,1
disks,1
dislike,1
disobeyed,1
display,1
displeasing,1
distant,1
distressed,1
distribute,1
disturbed,1
dither,1
dived,1
diver's,1
divided,1
dividing,1
diving,1
division,1
divvy,1
dizziness,1
dob,1
dodging,1
doffed,1
doggie,1
doggies,1
doggy,1
dokey,1
dollars,1
dollhouse,1
dolly's,1
dolphins,1
domestic,1
domo,1
don'ts,1
donner,1
doody,1
dooooo,1
doorman,1
doorstep,1
doorstop,1
doorways,1
dorling,1
dorsal,1
dose,1
dost,1
dotty,1
doubtful,1
doughnot,1
dover,1
downpour,1
downward,1
downwards,1
dozer,1
draggy,1
drakes,1
drama,1
drats,1
drawer,1
drawings,1
draws,1
dread,1
dreaded,1
dreadfully,1
dreamily,1
dreamt,1
dreamy,1
drenched,1
drenching,1
dressmaker,1
dries,1
driftwood,1
drills,1
drinkin,1
drinks,1
dripping,1
drippings,1
driveway,1
drivin,1
drool,1
droop,1
droppings,1
drowsiness,1
drugstore,1
drybreak,1
drying,1
dub,1
duddled,1
due,1
duet,1
duller,1
dummy,1
dumping,1
dumps,1
dunce,1
dunes,1
dungeon,1
dunk,1
durn,1
durst,1
dusk,1
dustbath,1
duster,1
duties,1
dw,1
dwells,1
dwelt,1
dying,1
e.c,1
e'en,1
eagerly,1
eagles,1
eamily,1
eared,1
earmuffs,1
earnest,1
earphones,1
earthly,1
easiest,1
easing,1
eaters,1
echoing,1
echolocation,1
eclair,1
√©clair,1
edges,1
edwin,1
eeee,1
eeeek,1
eeeooo,1
eerily,1
eeyore's,1
eggshell,1
eggshells,1
eiderdown,1
eiffelberg,1
elbow's,1
elderly,1
electrician's,1
elementary,1
elephantin,1
elevated,1
elk,1
ell,1
elliott,1
elongated,1
else's,1
elspeth,1
embraced,1
embraces,1
embroidered,1
emerald,1
emerge,1
emptied,1
encountered,1
encouraged,1
enemies,1
energetic,1
engineer's,1
engineering,1
england,1
enjoying,1
enrolled,1
enters,1
entertain,1
enthusiastically,1
entrance,1
entranced,1
envious,1
environmental,1
enzo,1
epilogue,1
equals,1
erased,1
erasers,1
erases,1
ere,1
ered,1
errands,1
escaping,1
espied,1
etticoat,1
europe,1
european,1
evenings,1
everly,1
evermore,1
examine,1
examined,1
exchange,1
exchanged,1
exclamations,1
exercising,1
exert,1
exhibit,1
exist,1
expensive,1
experienced,1
expertly,1
explains,1
explanation,1
exploration,1
explored,1
explorers,1
exploring,1
explosion,1
exposing,1
exposition,1
expressed,1
expression,1
eyeballs,1
eyebrow,1
eyelash,1
eyelid,1
eyelids,1
f.b.i,1
f.o.p,1
factory's,1
facts,1
faded,1
fades,1
fails,1
fainted,1
fairfax,1
fairies,1
fairys,1
fallin,1
fame,1
fancies,1
farmer's,1
farmhands,1
farmhouses,1
farmland,1
farthings,1
fascinating,1
fashioned,1
fate,1
fateful,1
fathers,1
fatter,1
favorites,1
favors,1
favourable,1
feasts,1
february's,1
fee,1
feff,1
feffer,1
ferns,1
ferociously,1
festival,1
fetlock,1
feverishly,1
fewer,1
fhe,1
fi,1
fictional,1
fictions,1
fiddlebrain,1
fiddler's,1
fiddles,1
fiddlesticks,1
fife,1
fiffer,1
fifteenth,1
figgering,1
figureheads,1
file,1
fills,1
filthy,1
fin,1
final,1
finale,1
finder,1
finders,1
finisher,1
finishes,1
finishing,1
fink,1
fins,1
firefighters,1
fireworks,1
firmly,1
fishbowl,1
fished,1
fisher,1
fist,1
fists,1
fitness,1
fitted,1
flags,1
flake,1
flakes,1
flame,1
flaming,1
flannel,1
flashes,1
flashlights,1
flatbed,1
flax,1
fleck,1
fleeting,1
flickered,1
flied,1
fliers,1
flights,1
floatin,1
floods,1
floorwalker,1
flora's,1
florence,1
florida,1
flounced,1
flow,1
flowed,1
flowerpot,1
flowerpots,1
flowing,1
flump,1
flurries,1
flushed,1
flustered,1
fluttered,1
flyer,1
folded,1
folds,1
foofamaloo,1
foog,1
fools,1
footman,1
footmen,1
footsy,1
forage,1
forgave,1
forgets,1
forio,1
forks,1
forming,1
forthwith,1
fortnight,1
forwarding,1
fory,1
foul,1
foundation,1
fountains,1
fox's,1
fragile,1
framed,1
frankfurters,1
franks,1
frantic,1
frantically,1
frat,1
freddy,1
freezes,1
frenchy,1
freshener,1
freshly,1
fretting,1
friday's,1
fridge,1
friend's,1
friendship,1
fries,1
frightful,1
frightfully,1
frill,1
frisking,1
fritzie,1
frolic,1
fruiterer's,1
fruity,1
frump,1
fryer,1
frying,1
fuddled,1
fuity,1
fujiko,1
fum,1
funeral,1
funky,1
funnel,1
furiously,1
furrows,1
furu,1
fury,1
fussing,1
futon,1
fuzzbrain,1
ga,1
gaga,1
gagged,1
gale,1
gall,1
gallant,1
galley,1
gallon,1
galloped,1
galloping,1
galore,1
gamberally,1
garages,1
gardener's,1
gardeners,1
gardening,1
garment,1
garnets,1
gash,1
gaskets,1
gasp,1
gateways,1
gatherer,1
gatlin,1
gavel,1
geeling,1
gellar,1
generally,1
generals,1
generations,1
generator,1
generous,1
gentlemanly,1
gentleness,1
genus,1
gerald's,1
ghair,1
ghblighrrfzze,1
ghostly,1
ghosts,1
giblets,1
gibson,1
giggling,1
giles,1
gills,1
ginger,1
ginxif,1
giraffes,1
givers,1
givin,1
gizzard,1
glacee,1
glamorous,1
glances,1
glare,1
glared,1
glaring,1
glazed,1
gleaming,1
glides,1
glistenin,1
glistens,1
glittered,1
glo'ster,1
globe,1
globs,1
gloppy,1
glories,1
glory,1
glossy,1
glowed,1
glowin,1
glows,1
gluer,1
glumping,1
glumps,1
glunk,1
glurpy,1
gnarls,1
gnashin,1
gnat,1
gnawed,1
gnomes,1
gnu,1
goal,1
goalie,1
goatin,1
gobblers,1
goblin,1
gobs,1
godieeeeeee,1
goest,1
goggly,1
goin,1
goldbugdozer,1
goldfinch,1
golfers,1
goods,1
goodway,1
goody,1
goofy,1
googoo,1
goosefeathers,1
gorgonzola,1
gorillas,1
gossip,1
gourmet,1
gowns,1
gozaimasu,1
graceful,1
graces,1
graciously,1
gradual,1
gradually,1
graduate,1
graduated,1
graffiti,1
grammy,1
gran's,1
grandchildren,1
grandchildren's,1
grandmas,1
grandmother's,1
grandpa's,1
grandparents,1
grant,1
granted,1
grapefruit,1
grapplin,1
grasp,1
grasses,1
grasshoppers,1
gratified,1
greaser,1
greed,1
greener,1
greenhouse,1
greenie,1
greens,1
greenwood,1
greets,1
greyish,1
griddle,1
grieves,1
griffith,1
grimace,1
grins,1
gripes,1
gripped,1
gripping,1
grisly,1
gristly,1
grits,1
gritted,1
grizzly,1
groany,1
grocer's,1
groomers,1
groups,1
growin,1
growls,1
grrrrr,1
grrrrrrrrr,1
gruel,1
grumble,1
grumbly,1
grump,1
grumph,1
grunts,1
grush,1
gruvvulous,1
guaranteed,1
guard's,1
guardians,1
guards,1
guck,1
gucky,1
guff,1
gugelhopfen,1
guidebook,1
guineas,1
guitarist,1
gulls,1
gully,1
gulps,1
gummed,1
gunpowder,1
guru,1
gusty,1
gutter,1
gutters,1
guy's,1
h'm,1
haaa,1
hacker,1
hacking,1
hacks,1
hah,1
hai,1
haiku,1
hailing,1
hairdresser,1
hairpins,1
hairyness,1
hakken,1
halfpence,1
halfpenny,1
hallow,1
halls,1
hallway,1
hallways,1
halo,1
hamburgers,1
hamlin,1
hammering,1
hammers,1
hammock,1
hams,1
handfuls,1
handkerchiefs,1
handle,1
handlebars,1
handles,1
handling,1
handsomer,1
handstand,1
handwriting,1
hanged,1
hanger,1
hangnail,1
hankie,1
hanky,1
hansen's,1
happenstance,1
hardosaur,1
hare's,1
harmful,1
harms,1
harness,1
harnessed,1
harnesses,1
harp,1
harps,1
harry's,1
harvest,1
harvested,1
harvester,1
hash,1
hastening,1
hastings,1
hatberry,1
hatched,1
hatchling,1
hateful,1
hatter's,1
hauled,1
hauling,1
haunting,1
hav,1
havalah's,1
haven,1
haves,1
hawthorn,1
hayberry,1
haystack,1
hazy,1
hea,1
headfirst,1
heading,1
headlands,1
heal,1
healing,1
health,1
heaved,1
heavier,1
heavily,1
heck,1
heck's,1
hedgie's,1
heed,1
heeeeelllllppppp,1
heel,1
heffalump,1
height,1
heights,1
heighty,1
heir,1
heisted,1
helen's,1
helicopter,1
helpers,1
helping's,1
helpings,1
helter,1
hem,1
hemp,1
henry's,1
herb,1
herbalists,1
herds,1
heritage,1
heroes,1
herrings,1
hers,1
hershey,1
hesitation,1
het,1
hethreetreebee,1
hickery,1
hickety,1
hidin,1
higgledy,1
highchair,1
highness,1
hiked,1
hilled,1
hillocks,1
hillsides,1
hint,1
hippo's,1
hippoloader,1
hiram,1
hire,1
hired,1
hiroko's,1
hisself,1
history,1
hitched,1
hither,1
hits,1
hive,1
hobbies,1
hogging,1
holed,1
holey,1
holidays,1
hollers,1
homeland,1
homely,1
homesick,1
honestly,1
honeymoon,1
honeysuckle,1
honked,1
honorary,1
hoof,1
hooked,1
hooks,1
hooooooome,1
hoos,1
hooted,1
hooting,1
hooves,1
hopeful,1
hopping,1
horace,1
horiz,1
horizon,1
horned,1
horror,1
horse's,1
horseless,1
horseshoe,1
hosier's,1
hospitals,1
housefly,1
houseguests,1
housekeeper,1
housetop,1
hovercraft,1
hovered,1
how's,1
how've,1
howlin,1
hree,1
hubba,1
hubcaps,1
hudson,1
huff,1
hugging,1
hulky,1
hullabaloo,1
human,1
hummed,1
humorous,1
humpback,1
humps,1
hums,1
hunched,1
hurrah,1
hurricane,1
hurries,1
hurtles,1
husky,1
huzza,1
hydrant,1
icabod,1
iceberg,1
icicle,1
id,1
ideal,1
ifs,1
igh,1
ignoring,1
iguanas,1
ii,1
iiing,1
iku,1
illnesses,1
illustrator,1
imaginary,1
imagination,1
imagining,1
implies,1
implored,1
importantly,1
impos,1
impossibles,1
impossibly,1
impractical,1
impress,1
impression,1
imprisonment,1
impromptu,1
improved,1
improvising,1
impulse,1
inchworm,1
incident,1
incredibly,1
indescribable,1
indicate,1
infant,1
inform,1
information,1
informed,1
ingenious,1
inhabit,1
insects,1
inseparable,1
insides,1
insis,1
inspire,1
instamatic,1
instantly,1
instructions,1
insulted,1
integrate,1
intended,1
interpretive,1
interrupt,1
intimate,1
intricate,1
introductions,1
invading,1
invention,1
investigate,1
invitations,1
invites,1
inviting,1
iooking,1
irish,1
ironed,1
isle,1
isn,1
itty,1
ive,1
ivory,1
ix,1
jabbed,1
jackals,1
jacked,1
jackrabbit,1
jacky,1
jags,1
jail,1
jalapeno,1
jam's,1
jamaica,1
jamble,1
jammies,1
jamming,1
january,1
japansneeze,1
jardin,1
jaundiced,1
jaunty,1
jaw,1
jays,1
jazzbery,1
jazzed,1
jeans,1
jed,1
jell,1
jellyballs,1
jellyfish,1
jen,1
jerk,1
jerked,1
jertain,1
jet√©,1
jewel,1
jeweled,1
jewelry,1
jews,1
jibboo,1
jimminy,1
jingly,1
jogged,1
johanna,1
john's,1
joining,1
joins,1
joked,1
jonathan,1
jordan's,1
journeys,1
jovial,1
joyner,1
joyous,1
judge's,1
judges,1
judy's,1
juggling,1
jugs,1
julius,1
jumble,1
jumpity,1
jumpy,1
junction,1
jungle's,1
jungles,1
jurassic,1
jut,1
kackleman,1
kaleidoscope,1
karen's,1
katroo,1
katy's,1
keller,1
kelly,1
kerack,1
kerchoo,1
kerosene,1
kerplop,1
kertyschoo,1
keys,1
kickin,1
kicking,1
kickity,1
kicks,1
kidnap,1
kidnapping,1
kie,1
killing,1
kimono,1
kimonos,1
kindersley,1
kingly,1
kings,1
kipperville,1
kirk,1
kit,1
klang,1
kleek,1
kleenex,1
knack,1
knead,1
kneaded,1
kneading,1
kneecap,1
knelt,1
knobby,1
knobs,1
knocking,1
knot,1
knots,1
knotted,1
knowed,1
koala,1
koff,1
kookaburra,1
kopperville,1
kraks,1
krause,1
kulich,1
kyloe,1
l's,1
l've,1
labeled,1
laces,1
lack,1
ladders,1
laden,1
lag,1
lagoon,1
lags,1
lame,1
lamed,1
lamppost,1
landscape,1
lanterns,1
larry,1
lashes,1
lasses,1
lasted,1
lastly,1
latched,1
lately,1
latex,1
latina,1
laughs,1
launched,1
lawyer,1
laying,1
lays,1
lea,1
leaders,1
leadin,1
leak,1
leaking,1
leaky,1
leant,1
leaps,1
learns,1
leash,1
leasing,1
leaved,1
lectric,1
ledge,1
leftover,1
legacy,1
legged,1
lemlich,1
lemonade,1
lending,1
lengthening,1
lent,1
leo's,1
leopards,1
leprechaun,1
ler's,1
lessmore's,1
letting,1
lettuces,1
lever,1
levers,1
lewd,1
liberty,1
librarian's,1
libyan,1
licorice,1
lied,1
life's,1
lifebelt,1
lifeboat,1
lifestyles,1
lifts,1
light's,1
liking,1
limas,1
limber,1
limbered,1
lime,1
limited,1
limo,1
limousines,1
lin,1
liner,1
linnet,1
liquid,1
lists,1
lite,1
litle,1
littler,1
liver,1
lizzie,1
lmno,1
lmnop,1
loading,1
loan,1
lobsters,1
loco,1
lola,1
lollypops,1
lone,1
longingly,1
lookin,1
looped,1
loopy,1
loosely,1
lopp,1
lopsided,1
loris's,1
loser,1
losing,1
loss,1
lotus,1
louis,1
louisburg,1
lounging,1
loveable,1
lowed,1
lowered,1
lowering,1
lowry,1
loxodonta,1
lt,1
lt's,1
lubricating,1
lucifer,1
lukey,1
lullabies,1
lumberjacks,1
lunchroom,1
lunchtime,1
lungs,1
lurches,1
lurks,1
luscious,1
lyin,1
ma'am,1
machinery,1
madam,1
madison,1
magazines,1
magenta,1
magnifique,1
mailboxes,1
mailing,1
mailman,1
maintain,1
maison,1
maisy's,1
majestic,1
major,1
majority,1
maker,1
maker's,1
malted,1
mam,1
mammal,1
mammie's,1
manager,1
manager's,1
mane,1
mango,1
manicure,1
mansion,1
marabou,1
marf,1
margery,1
margo,1
maria,1
maria's,1
marigold,1
marines,1
mario,1
marker,1
markers,1
marriage,1
marshes,1
marshmallows,1
marshy,1
martin's,1
martinis,1
mascot,1
masks,1
massaged,1
mate,1
matey,1
math,1
mathematical,1
mats,1
matters,1
mauled,1
mayor's,1
mayors,1
mcgaffry,1
mcgee,1
mcghee,1
mcgillicuddv,1
mcguinn,1
mckay,1
mealtime,1
meantime,1
mechanic,1
medallion,1
medals,1
meddling,1
media,1
meek,1
meg,1
megachiroptera,1
melancholy,1
melon,1
melts,1
melvin's,1
memento,1
mending,1
mental,1
meowed,1
merchant,1
merci,1
merrill's,1
merryband,1
messenger,1
messes,1
meters,1
methods,1
meticulous,1
mexico,1
miami,1
michigan,1
mickle,1
microphones,1
midair,1
midget,1
midnights,1
midway,1
midwestern,1
miff,1
mikado,1
military,1
milky,1
millionth,1
milo,1
mingled,1
miniature,1
minnesota,1
mint,1
mir,1
miracle,1
miraculous,1
misbehave,1
misbehaving,1
mischievous,1
mismatched,1
mississippi,1
mistaken,1
mistakes,1
mitchell,1
mite,1
mitten,1
mittened,1
mitz,1
mny,1
moaned,1
moans,1
moat,1
mocha,1
moist,1
moisture,1
mojave,1
mold,1
moldy,1
molly,1
molt,1
mom's,1
moments,1
mommy's,1
mona,1
monday's,1
monitoring,1
monjour,1
monkey's,1
monoplane,1
monopoly,1
monorail,1
monsters,1
monstrosities,1
monstrosity,1
montgomery,1
moof,1
moonberry,1
moonflowers,1
moons,1
moooooooo,1
moor,1
mop,1
mordecai,1
more's,1
morgan,1
morning's,1
morsel,1
mossy,1
moths,1
motorbikes,1
motors,1
moues,1
mound,1
mounds,1
mount,1
mountainside,1
mourn,1
mouseling,1
mouseling's,1
mousie,1
movable,1
movement,1
movin,1
mowed,1
mown,1
moyo,1
mr.president,1
mrrroww,1
muck,1
muddled,1
mudglumps,1
muenster,1
muffered,1
muffinhead,1
muffins,1
muffled,1
mugs,1
multi,1
multiplied,1
mumble,1
mumbling,1
mummy,1
munched,1
murnood,1
mused,1
museums,1
mushrooms,1
mushy,1
musicale,1
muskidun,1
musty,1
mutt,1
muttering,1
mutters,1
mutton,1
muzzles,1
mwah,1
na,1
nag,1
nah,1
nailing,1
name's,1
namely,1
nan,1
nanny's,1
naps,1
nasa,1
natasha's,1
nathan,1
natural,1
naturally,1
nautical,1
navigate,1
navigating,1
navy,1
ne,1
neared,1
neary,1
neath,1
neatly,1
nebraska,1
necessities,1
necking,1
neckties,1
needing,1
needn't,1
neighed,1
nellar,1
nellie,1
nese,1
nested,1
nestled,1
netherland,1
neutral,1
nevertheless,1
newborn,1
newly,1
newspapers,1
newstand,1
newts,1
nibbles,1
niches,1
nicholas,1
nie,1
nightdress,1
nightgown,1
nightmare,1
nightshirt,1
nighty,1
nils,1
ninas,1
nineteen,1
ning,1
nink,1
nip,1
nitch,1
nixie,1
nnnno,1
noahs,1
nob,1
nobleman,1
nobody's,1
nodding,1
noggin,1
nome,1
nonsense,1
nonsensical,1
noodlepuss,1
noooo,1
nooth,1
northward,1
northwest,1
norway,1
norwich,1
nory,1
nosed,1
nostril,1
notch,1
notebook,1
noted,1
notes,1
nothing's,1
nougat,1
nude,1
nuisance's,1
numb,1
number's,1
nupboards,1
nupp,1
nureau,1
nutritionists,1
o'er,1
o'flynn,1
o'shea,1
o'sullivan,1
o1,1
obedience,1
obeyed,1
object,1
objected,1
obligated,1
occur,1
ocean's,1
oddish,1
offended,1
officers,1
officially,1
ohhhh,1
ointment,1
okey,1
olden,1
olympics,1
ome,1
omelette,1
onward,1
oodles,1
oof,1
oom,1
ooooh,1
ooooooooooooooooo,1
ooooooooooooooooooooo,1
oooops,1
oop,1
oopsie,1
oozing,1
oozy,1
opal,1
ope,1
opener,1
openin,1
opera,1
operators,1
opposed,1
optimism,1
orchards,1
orchestras,1
orderly,1
ording,1
organ,1
orleans,1
oscar's,1
other's,1
ouach,1
ourchestra,1
ourtree,1
out's,1
outermost,1
outfits,1
outgrow,1
outgrown,1
outlaws,1
outrageous,1
outskirts,1
outsmart,1
outstretched,1
outta,1
oval,1
ovaltine,1
overboard,1
overcame,1
overcoat,1
overcooked,1
overdressed,1
overdue,1
overflow,1
overheard,1
overjoyed,1
overlooking,1
overwhelm,1
overworked,1
owe,1
owing,1
owl's,1
owls,1
owned,1
owners,1
p.d,1
p's,1
pace,1
pacific,1
packaged,1
packet,1
packing,1
paddled,1
paddling,1
pails,1
pained,1
painful,1
painter,1
painter's,1
palmer,1
pals,1
pamper,1
panes,1
panicked,1
panting,1
pantloads,1
papas,1
paradise,1
parasol,1
parker,1
parker's,1
parks,1
parsley,1
parted,1
partially,1
particular,1
parting,1
partners,1
partridge,1
parts,1
passages,1
passing,1
pasted,1
patches,1
patpuppop,1
patricia,1
pattered,1
pattering,1
pattern,1
pause,1
pavement,1
paving,1
pawberry,1
pawns,1
peacocks,1
peak,1
peaks,1
peared,1
pearls,1
pecan,1
peculiar,1
pedaled,1
pedestrians,1
peeking,1
peelings,1
peering,1
peggy,1
pegs,1
pendix,1
pennies,1
pepper's,1
percent,1
perch,1
percy,1
performers,1
periods,1
permission,1
permitted,1
perplexed,1
perry,1
perseverance,1
petit,1
petite,1
petticoat's,1
phase,1
phew,1
phoned,1
phones,1
phonograph,1
photograph,1
photographer,1
photos,1
physician,1
piccadilly,1
picket,1
pickety,1
picklepuss,1
piggledy,1
piggyback,1
pileup,1
pill,1
pillars,1
pills,1
piloted,1
pilsner,1
pincushion,1
pineapple,1
pines,1
pinheaded,1
pinkatastic,1
pinkerrific,1
pinkish,1
pinning,1
pinocchio,1
pious,1
pirate's,1
pirates,1
pirouette,1
pirouetting,1
pistachio,1
pitched,1
pitching,1
pitter,1
pittsburgh,1
pitty,1
pixie,1
pj's,1
placing,1
plaggle,1
plaidest,1
pl√¢it,1
planked,1
plate's,1
plateful,1
platinum,1
platter,1
players,1
playfellows,1
playful,1
playfully,1
playin,1
playmates,1
playthings,1
playtime,1
plead,1
pleasant,1
pleasing,1
pleat,1
pledge,1
plodding,1
ploughs,1
plowing,1
plugs,1
plumage,1
plumber,1
plunger,1
plunk,1
plus,1
poach,1
pocketful,1
poets,1
poisoned,1
poke,1
pokers,1
polish,1
poll,1
pollination,1
pollution,1
ponds,1
ponytail,1
poodle's,1
poodles,1
poofy,1
poohs,1
pools,1
pooooooo,1
pooped,1
poops,1
poppety,1
pops,1
porcupine,1
porker,1
porringer,1
porters,1
portions,1
portrait,1
posies,1
positions,1
positively,1
possessions,1
possibilities,1
possum,1
postmaster,1
posture,1
pounced,1
pouncing,1
pounded,1
pourin,1
pours,1
pouts,1
pouty,1
powerful,1
powers,1
practical,1
prancer,1
prayer,1
precisely,1
predicted,1
prediction,1
preening,1
preferences,1
prepare,1
presence,1
presented,1
preserver,1
pretender,1
prettily,1
prey,1
price,1
priceless,1
prick,1
pricked,1
prickle,1
pride,1
pried,1
pries,1
prima,1
prince's,1
principal's,1
prisoner,1
prithee,1
prize,1
prized,1
problems,1
proclaim,1
prod,1
prodded,1
professional,1
professor,1
programs,1
progress,1
pronounced,1
proposal,1
props,1
prospects,1
protection,1
protesters,1
protruding,1
proudest,1
proves,1
provide,1
provided,1
prow,1
prowl,1
prows,1
prunes,1
psychics,1
psychologists,1
puddings,1
puffy,1
pulley,1
pulleys,1
pullin,1
pulp,1
pumper,1
pumping,1
punch,1
punching,1
punished,1
pups,1
purchases,1
pure,1
purring,1
purrs,1
pusher,1
pyramids,1
python,1
qrs,1
qua,1
quack's,1
quackberry,1
quackers,1
quails,1
quaker,1
quakin,1
qualified,1
qualities,1
quarreling,1
quart,1
quavering,1
queens,1
queuing,1
quickberry,1
quicker,1
quickquickquick,1
quieted,1
quills,1
quilts,1
quimney,1
quist,1
quiver,1
quivered,1
quivering,1
qunicy,1
quoth,1
r.c,1
raaaaa,1
radar,1
radial,1
radiant,1
rafter,1
rafts,1
rage,1
raged,1
rags,1
railcar,1
railing,1
railroads,1
raincoat,1
raises,1
raisin,1
raising,1
raja's,1
raked,1
ralph's,1
ramble,1
ramp,1
ramps,1
rancid,1
rand,1
ranging,1
rank,1
ransacked,1
rapid,1
rapidly,1
rapped,1
rapping,1
rapunzel's,1
rascal,1
rated,1
razzamatazzberry,1
readers,1
reality,1
reappears,1
reassuringly,1
rebuild,1
receive,1
receives,1
reception,1
recipe,1
recite,1
reckless,1
recognize,1
recognizing,1
record,1
rectangle,1
reddest,1
reddish,1
reflect,1
refreshment,1
refusal,1
refuse,1
regal,1
regardless,1
regeneration,1
rehearsal,1
reindeers,1
relate,1
relation,1
relatives,1
relaxed,1
relieved,1
remained,1
remains,1
remedies,1
remedy,1
remembers,1
reminding,1
reminds,1
remove,1
rendezvous,1
repair,1
repairs,1
repartee,1
repeat,1
repeated,1
replaced,1
replacement,1
representative,1
reproachfully,1
reptiles,1
request,1
requesting,1
required,1
rescuing,1
research,1
researched,1
resented,1
resistant,1
resolved,1
respectable,1
responded,1
responsibility,1
resurfaced,1
retire,1
retired,1
retiring,1
retreats,1
returnin,1
returns,1
revealing,1
reverence,1
revived,1
revolt,1
rff,1
rhino,1
rhinocerous,1
rhinologist,1
rhymes,1
rhyming,1
richer,1
richly,1
rickety,1
ricks,1
rickshaws,1
ricky,1
ridge,1
rightness,1
righty,1
rigs,1
rime,1
rinds,1
ringy,1
rink,1
rinker,1
rip,1
ripen,1
ripenin,1
rippled,1
rippulous,1
risen,1
riser,1
risk,1
ritch,1
roadside,1
roam,1
roamed,1
roarin,1
roasts,1
robed,1
robert,1
robes,1
robins,1
rock'n,1
rocket's,1
rockets,1
rodents,1
role,1
roles,1
rollo,1
rome,1
romps,1
roney,1
rooaaar,1
roofs,1
root,1
rooting,1
roped,1
rosa,1
ross,1
rosy's,1
rot,1
rotten,1
roughest,1
rounded,1
rounds,1
rover,1
rrowf,1
rrowff,1
rrrr,1
rs,1
rubbery,1
rubies,1
ruby's,1
ruckus,1
ruffians,1
ruled,1
rulers,1
rumbles,1
rumbling,1
rumpus,1
rung,1
runnin,1
runways,1
russian,1
rustle,1
rustled,1
ruth,1
ryokan,1
s'il,1
sackful,1
sadder,1
saddle,1
safer,1
sage,1
sago,1
sails,1
sakes,1
salami,1
saleslady,1
saliva,1
salmon,1
salom√©,1
saltshaker,1
salute,1
saluted,1
samaritans,1
sampled,1
sand's,1
sandbank,1
sandcastles,1
sanders,1
sandra's,1
santas,1
sap,1
sapphires,1
sardine,1
sassafras,1
satin,1
satsuma,1
saturday's,1
saucer,1
saud,1
sauerkraut,1
saur,1
saurs,1
sausage,1
sawdusty,1
sawmill,1
saxophone,1
sayin,1
sayonara,1
scales,1
scampers,1
scar,1
scarce,1
scarer,1
scares,1
scariest,1
scariness,1
scaring,1
scarlet,1
scarry's,1
scepter,1
schloppity,1
schoolchildren,1
schoolroom,1
schoolwork,1
schwooosshhhh,1
scientifically,1
scissorscheck,1
scooping,1
scooters,1
scoots,1
scooty,1
scorned,1
scottish,1
scour,1
scout,1
scowl,1
scowled,1
scr,1
scraggly,1
scramble,1
scraper,1
scraps,1
scrawny,1
screams,1
screen,1
screens,1
screwdriver,1
scritch,1
scrumptious,1
scrunch,1
scrunched,1
scuba,1
scuffing,1
scuffling,1
scuffs,1
sculpture,1
sculptures,1
scurrying,1
scuttered,1
scuttle,1
scuttles,1
seacoast,1
seagull's,1
sealed,1
seam,1
sear,1
season,1
seasonable,1
seasoning,1
secretly,1
secrets,1
security,1
seeding,1
seehemewe,1
seeking,1
seized,1
selfish,1
sells,1
semicircle,1
sempster's,1
senator,1
sends,1
senohpoxas,1
sensation,1
sensational,1
senses,1
sensitive,1
separately,1
seriously,1
servants,1
serving,1
session,1
sets,1
seventh,1
seventy,1
severe,1
sewed,1
sewer,1
sh,1
shades,1
shadowed,1
shaken,1
shallow,1
shalt,1
shank,1
shaping,1
shared,1
shares,1
sharpish,1
sharply,1
shauna,1
shave,1
shaving,1
sheep's,1
sheepishly,1
sheila,1
shepherdess,1
sherry,1
shhhh,1
shhhhhhhhhh,1
shifted,1
shih,1
shillings,1
shimmer,1
shimmy,1
shinin,1
shipped,1
shipping,1
shirking,1
shirts,1
shnortles,1
shocked,1
shod,1
shoeberry,1
shoeing,1
shoelaces,1
shoestring,1
shooting,1
shoreditch,1
shoreside,1
shortish,1
shortness,1
shorty,1
shouldn'ts,1
shown,1
shrank,1
shreds,1
shrieking,1
shrill,1
shrimps,1
shucks,1
shuffles,1
shuts,1
shutting,1
sible,1
sickening,1
sidecar,1
sierra,1
sifted,1
sighing,1
sighs,1
sightless,1
sightseeing,1
signaled,1
silking,1
silky,1
silliest,1
sillyhead,1
silo,1
silos,1
silvereyes,1
simmer,1
singers,1
sinnin,1
sips,1
sissy,1
situation,1
sizzling,1
skakagrall,1
skateboard,1
skater,1
skaters,1
skeleton,1
skeltering,1
skibbles,1
skidded,1
skidding,1
skids,1
skier,1
skiing,1
skill,1
skillful,1
skim,1
skimmed,1
skinned,1
skipperdee's,1
skirt,1
skis,1
skitter,1
sklanks,1
sklonk,1
skyscraper,1
skyscrapers,1
slashed,1
slated,1
slatherum,1
slave,1
slavery,1
sledding,1
sleepover,1
sleepyhead,1
sleighs,1
slices,1
slime,1
sling,1
slishity,1
slithered,1
slithering,1
slitherum,1
sloooow,1
slooowwww,1
slosh,1
slowing,1
slugs,1
slumped,1
slumping,1
slung,1
slunk,1
slupp,1
slupps,1
slurped,1
slurps,1
slurpy,1
slyly,1
smacked,1
smacker,1
smallish,1
smarter,1
smartly,1
smeared,1
smeary,1
smiley,1
smogged,1
smogulous,1
smokestack,1
smokestacks,1
smooching,1
smooooooooch,1
smuggered,1
smushed,1
snackers,1
snake's,1
snaked,1
snakin,1
snapping,1
snapshot,1
snarfing,1
snarggled,1
snarled,1
snarls,1
snatch,1
sneaked,1
sneered,1
snergelly,1
snickerdoodles,1
snickered,1
sniffle,1
sniffles,1
sniffs,1
snipe,1
snipped,1
snoop,1
snoot,1
snooze,1
snowballs,1
snowbanks,1
snowmobile,1
snowplowing,1
snowplows,1
snowshoe,1
snowsuit,1
snuck,1
snuffle,1
snuffled,1
snuffles,1
snuffs,1
snurp,1
snuvv,1
soak,1
soaked,1
soapiest,1
sob,1
sobbing,1
sobs,1
social,1
sodas,1
sofas,1
softer,1
softy,1
soil,1
soldier,1
solemn,1
solid,1
someplace,1
somersault,1
son's,1
song.he,1
songbird,1
songbirds,1
sonia,1
soonest,1
soooo,1
soot,1
soppy,1
soprano,1
sorcerers,1
sorrowful,1
sotomayor,1
sought,1
sounding,1
source,1
southward,1
sovereign,1
spanish,1
spare,1
sparks,1
sparrows,1
spats,1
spears,1
specifically,1
specs,1
speechless,1
speedy,1
spells,1
spendid,1
spending,1
spends,1
spider's,1
spiffy,1
spikes,1
spill,1
spills,1
spilt,1
spine,1
spinnin,1
spiny,1
spirit,1
spittle,1
splashin,1
splashity,1
splatter,1
splendor,1
splint,1
splishes,1
spoils,1
spooky,1
spool,1
spotlessly,1
spotlight,1
spotty,1
spout,1
sprain,1
sprawled,1
spraying,1
spreader,1
spreads,1
spree,1
sprightly,1
sprints,1
sprout,1
sprouting,1
sprucing,1
spry,1
sputtered,1
squadron,1
squalled,1
squasher,1
squawk,1
squawked,1
squeakin,1
squeezin,1
squeezing,1
squeezy,1
squelchy,1
squinting,1
squirm,1
squirmed,1
squirmy,1
squirrels,1
squirtin,1
squish,1
squishy,1
squizzly,1
sropped,1
sss,1
stacked,1
stacking,1
staff,1
stage,1
stained,1
stairway,1
stale,1
stall,1
stamp,1
stamps,1
starberry,1
starfish,1
starfruit,1
starlings,1
startling,1
statues,1
stayin,1
steaks,1
steamed,1
steamship,1
steamy,1
steeper,1
steeples,1
steering,1
stem,1
stepney,1
steprelatives,1
stern,1
stewardess,1
stewed,1
stewing,1
stickcheck,1
stinger,1
stingy,1
stirred,1
stitch,1
stitches,1
stitching,1
stock,1
stockin's,1
stockings,1
stokes,1
stomachaches,1
stomachs,1
stoop,1
stooped,1
stormy,1
storybooks,1
stoutness,1
straddle,1
straightening,1
straightway,1
strain,1
strained,1
strap,1
strapped,1
straps,1
streak,1
streamed,1
streaming,1
striding,1
strikes,1
stringing,1
stringless,1
stripers,1
stripey,1
strode,1
stroking,1
stroller,1
stroppy,1
strow,1
struggle,1
struggling,1
strutting,1
stubbed,1
studied,1
study,1
studying,1
stuffing,1
stuffy,1
stunned,1
stunt,1
sturdy,1
stuttered,1
style,1
submarine,1
submarines,1
subtropical,1
succeeds,1
success,1
successful,1
suck,1
sucker,1
sucker's,1
suckers,1
suddenlycrunch,1
sued,1
suffered,1
suffers,1
sugarcoat,1
suggests,1
suicide,1
sulking,1
sultan,1
sultry,1
sunbeams,1
sunburned,1
sundown,1
sunlight,1
sunlit,1
sunniest,1
sunrise,1
sup,1
superhero,1
superintendent,1
superstar,1
supplied,1
supporting,1
supports,1
suprise,1
surf,1
surprisingly,1
surrounding,1
surroundings,1
surveyed,1
surveyors,1
survival,1
sushi,1
suspect,1
suspiciously,1
sustaining,1
susy,1
suzy,1
swallowing,1
swamped,1
swampland,1
swamplands,1
swampville,1
swash,1
sway,1
sways,1
sweat,1
sweating,1
sweatshirt,1
sweatshop,1
sweaty,1
sweetness,1
swell,1
swelled,1
swelteringly,1
swerve,1
swerved,1
swiggles,1
swiii,1
swimmin,1
swirled,1
swishes,1
swishity,1
swiss,1
switchbacking,1
switchboard,1
switchman,1
swizzled,1
swoon,1
swoop,1
swum,1
symbol,1
syrup,1
t.f,1
tablespoonful,1
tackle,1
tacky,1
tact,1
taight,1
tailor's,1
takeoff,1
talented,1
talents,1
talkative,1
talky,1
tallchief's,1
tallulah's,1
tamed,1
tamper,1
tan,1
tangerines,1
tangible,1
tangles,1
tango,1
tanks,1
tape,1
tappity,1
tarries,1
tarry,1
tart,1
tassel,1
tassels,1
tasteys,1
tastier,1
tastiest,1
tatami,1
tater,1
tattooed,1
taunting,1
tavern,1
teacher's,1
teacup,1
teacups,1
teal,1
teamed,1
tear,1
teardrop,1
teaspoon,1
technically,1
teddies,1
tee,1
telegraph,1
telescope,1
tellar,1
temper,1
temperature,1
tempered,1
temple,1
temporary,1
tenderloin,1
tenderly,1
tennessee,1
tentacles,1
ter,1
terance,1
termites,1
terrace,1
terrified,1
territory,1
terror,1
tex,1
th,1
thankful,1
thankless,1
that'll,1
then's,1
thenbam,1
there'd,1
there'll,1
theres,1
theresa,1
thermostats,1
they's,1
thicker,1
thighs,1
thingy,1
thinker,1
thinner,1
thistle,1
thneed's,1
thora,1
thornbushes,1
thorns,1
thoughts,1
threaded,1
threading,1
threads,1
threat,1
threescore,1
threshing,1
thrill,1
thrive,1
throats,1
throttle,1
thrush,1
thumby,1
thumped,1
thundering,1
thunderous,1
thunderstorm,1
thursday's,1
thwump,1
tickled,1
tickles,1
ticklish,1
tigerish,1
tightened,1
tightness,1
tiles,1
timbuktu,1
timothy,1
tingled,1
tininess,1
tinkers,1
tipping,1
tipple,1
tippy,1
tippytoes,1
tiptoeing,1
tiresome,1
tiring,1
tis,1
titter,1
tizzy,1
tlc,1
toadstool,1
toasted,1
toasty,1
todays,1
toddler,1
toed,1
toil,1
tomater,1
tomcat,1
tommy's,1
tomorrow's,1
tonight's,1
tonsils,1
tool,1
toothache,1
toothpaste,1
toothpicks,1
toots,1
toowhit,1
tophopstop,1
toppled,1
tornado,1
tortillas,1
tory,1
tossing,1
touching,1
tour,1
tourist,1
town's,1
traces,1
traci,1
trackberry,1
trafalgar,1
tragedies,1
trailed,1
trainberry,1
trait,1
tramp,1
tramped,1
transports,1
trashman,1
traveler,1
traveling,1
treaded,1
treasures,1
treasury,1
treats,1
treetops,1
tremble,1
trenchers,1
tricky,1
tricycle,1
trifle,1
trike,1
trilogy,1
trimming,1
tripe,1
triplane,1
triumphantly,1
troll,1
tromp,1
trooped,1
trots,1
troublesome,1
troubling,1
trousies,1
trow,1
trowel,1
truck's,1
truckdonald,1
truckdrivers,1
trudge,1
trudges,1
trumpets,1
trunks,1
tuba,1
tubes,1
tubman,1
tucking,1
tuesday's,1
tuffet,1
tugboat,1
tuk,1
tummy's,1
tuna,1
tuning,1
turban,1
turffula,1
turkey's,1
turkeys,1
turntable,1
turtle's,1
tutor,1
tuv,1
twa,1
twaddle,1
tweaked,1
twee,1
tweet,1
twerp,1
twiddlin,1
twigs,1
twill,1
twinkled,1
twinkles,1
twirling,1
twist,1
twisty,1
twitchett,1
twitching,1
twitters,1
tyrannosaurus,1
tzu,1
ubb's,1
uestion,1
ugggh,1
ugh,1
ughs,1
ugliest,1
ukraine,1
ultimately,1
ultimatium,1
ultramarine,1
umbrellas,1
un,1
unable,1
unbelievable,1
unbelievably,1
unbroken,1
unbutton,1
unclenched,1
uncombed,1
uncomfortable,1
uncontrollable,1
uncooperative,1
uncouple,1
undercover,1
undergrowth,1
underpants,1
underside,1
undertaker's,1
undies,1
uneventfully,1
unfavourable,1
unfold,1
unfolding,1
unfortunate,1
unheard,1
unheedin,1
unhurt,1
unicycle,1
uniquely,1
unlatched,1
unlight,1
unlike,1
unloaded,1
unlocked,1
unpopular,1
unprecedented,1
unruly,1
unselfishly,1
unselfishness,1
unshaven,1
unused,1
unwrapped,1
upending,1
uphill,1
uphold,1
upmmmmmmmmmmffffffffff,1
uppercase,1
upsetting,1
upturned,1
upward,1
urge,1
urged,1
urgent,1
urns,1
usher,1
vacant,1
vacations,1
vaccinations,1
valentine,1
valentine's,1
valet,1
valhalla,1
valuable,1
vampire,1
vampire's,1
vane,1
vans,1
varied,1
varieties,1
variety,1
various,1
vary,1
vases,1
vastly,1
vaudeville,1
veil,1
velociraptor,1
velvety,1
ventriloquist,1
venture,1
venue,1
vera,1
vernon,1
verocity,1
versatile,1
verse,1
vert,1
vest,1
veterinarian,1
vexatiously,1
victims,1
video,1
videos,1
viewpoint,1
vigor,1
vigorously,1
villages,1
vim,1
vinegar,1
vinn,1
violence,1
violent,1
vipp,1
virtuoso,1
vision,1
visions,1
visiting,1
visor,1
vividly,1
vladimir's,1
vocalizing,1
vociferous,1
voici,1
voil√†,1
volume,1
volunteered,1
votre,1
vous,1
vroomy,1
vug,1
vulgar,1
vulture,1
wa,1
wacky,1
waddles,1
wag,1
wagging,1
waggling,1
wagons,1
wailed,1
wailing,1
wainscot,1
waitthere,1
waldo,1
walkin,1
walky,1
walloped,1
walnut,1
warblers,1
ward,1
wardrobe,1
ware,1
wares,1
warlike,1
warmed,1
warmth,1
warren,1
warrior,1
warthogs,1
washtub,1
wasket,1
wasps,1
wastebasket,1
wasted,1
wasteful,1
wasting,1
waterloo,1
waterpipe,1
wavy,1
waxed,1
wayin,1
wealthy,1
weapons,1
weasels,1
wednesday's,1
weed,1
weehawken,1
weeny,1
weigh,1
weights,1
weirder,1
weirdish,1
wellar,1
welshman,1
werriweather,1
wert,1
westerly,1
westward,1
whaa,1
whaaat,1
whacked,1
wharves,1
whatcha,1
whee,1
wheeeee,1
wheeled,1
wheelies,1
wheeling,1
wheezes,1
whhoossshhhhhhhh,1
whiffed,1
whimpering,1
whiner,1
whiney,1
whirl,1
whirly,1
whiskbroom,1
whiskery,1
whit,1
whitechapel,1
whiter,1
who've,1
whoever's,1
whooooo,1
whoooooo,1
whoop,1
whooped,1
whooping,1
whore,1
wiggins,1
wiggly,1
wildcat's,1
wilkin,1
wille,1
william,1
willow,1
wilson,1
winding,1
windmills,1
windowpane,1
winfrey,1
winfrey's,1
wingspans,1
winners,1
winsome,1
winter's,1
wipes,1
wiry,1
wisconsin,1
wisdom,1
wisely,1
wisher,1
witch's,1
witches,1
wits,1
wizard's,1
wizened,1
wo,1
wobbling,1
woedom,1
woefully,1
wolfwagon,1
wome,1
women's,1
won'ts,1
wonders,1
woodbines,1
woodchuck,1
woodwork,1
woody,1
wooed,1
wooeeee,1
woolens,1
woolly,1
wooshee,1
woozles,1
workday,1
workin,1
workloads,1
worries,1
worsening,1
woset,1
wrangle,1
wreck,1
wriggled,1
wriggles,1
wrinkled,1
wrung,1
wuddled,1
wumby,1
wun,1
xer,1
xis,1
xof,1
xylophone,1
y'all,1
yachts,1
yak,1
yaks,1
yams,1
yank,1
yanked,1
yankee,1
yawing,1
yay,1
yellowish,1
yeps,1
yerbey's,1
yessss,1
yesterday's,1
yew,1
yield,1
yipp,1
yippee,1
yippetty,1
yipping,1
yodeled,1
yodeling,1
yoga,1
yolanda,1
yolk,1
yop,1
yorgenson,1
yot,1
yottle,1
younger,1
youngest,1
yous,1
yout,1
youth,1
youthful,1
yowl,1
yugoslavia,1
yuletide,1
yummier,1
yums,1
zable,1
zall,1
zamp,1
zany,1
zazzer,1
zebras,1
zeds,1
zeep,1
zelf,1
zellar,1
zeppelins,1
zigzagging,1
zillions,1
zillow,1
zinc,1
zizzer,1
zlock,1
zones,1
zong,1
zoo'd,1
zoomberry,1
zooming,1
zooom,1
zower,1
zuma,1
zump,1
zuzz,1
zwoop,1
zzzz,1
zzzzzzz,1
zzzzzzzzz,1
zzzzzzzzzzzzzzzzzzz,1