value,words
testing,fawn
testing,knelt
testing,foul
testing,hitch
testing,four
testing,hath
testing,sleep
testing,hate
testing,whose
testing,swam
testing,swan
training,bike
testing,swap
testing,lore
testing,lord
testing,sped
testing,pride
testing,sway
testing,whack
testing,pact
testing,lure
testing,lack
testing,risk
testing,void
testing,rise
testing,lurk
testing,dell
testing,vase
testing,shoot
testing,smack
testing,jack
testing,sleek
testing,wick
testing,vast
testing,sleet
testing,school
testing,prize
testing,pinch
testing,zing
testing,math
testing,wept
training,chew
training,force
testing,speck
testing,nigh
testing,pulse
testing,horn
testing,chef
testing,crave
testing,street
testing,quill
training,blue
testing,hide
testing,christ
testing,wreck
testing,while
testing,haze
testing,blur
testing,new
testing,net
testing,told
testing,cull
training,crunch
testing,niche
testing,crouch
testing,nicks
testing,herb
testing,men
training,drew
testing,herd
testing,beck
testing,mew
testing,pate
training,cart
testing,cult
testing,path
testing,shriek
testing,dork
training,dry
testing,sell
testing,strewn
testing,smoke
testing,hunch
testing,stray
testing,straw
testing,stink
testing,strap
testing,brought
testing,sneer
testing,welch
testing,glance
testing,plot
testing,plow
testing,ore
testing,spoke
testing,would
testing,gloss
testing,plod
training,call
training,calm
testing,knoll
testing,strike
testing,type
testing,tell
testing,calf
training,breathe
testing,mush
testing,wart
testing,bilge
testing,muse
testing,hurt
testing,grief
testing,glass
testing,warm
testing,hurl
testing,muss
testing,hole
testing,hold
testing,pouch
testing,tweed
testing,must
testing,me
testing,rook
testing,join
testing,room
testing,err
testing,soils
testing,blade
testing,worm
testing,roof
testing,worth
testing,vow
testing,guise
testing,root
testing,route
testing,shook
testing,wand
testing,give
testing,flung
testing,want
testing,fiche
testing,times
testing,dyke
testing,hog
testing,hoe
training,end
testing,hoc
testing,farce
testing,stride
training,bunk
testing,how
testing,hot
testing,shred
testing,bunt
testing,hop
testing,gate
training,beach
testing,grown
testing,lad
testing,lag
testing,lab
testing,wrong
testing,mesh
testing,lax
testing,lay
testing,chump
testing,law
testing,arch
testing,shirt
testing,sioux
testing,third
testing,scourge
testing,spout
testing,greet
testing,wink
testing,verb
testing,green
testing,south
testing,worst
testing,wing
testing,greed
testing,wine
testing,fife
testing,deck
testing,sprout
training,fall
testing,zen
testing,ewe
testing,sludge
testing,wrought
testing,fir
training,fit
training,fix
testing,thrust
testing,crew
testing,tramp
testing,fig
testing,fade
testing,strafe
training,carve
testing,fin
testing,shear
testing,then
testing,them
testing,slate
testing,safe
training,birth
testing,trail
training,break
training,band
training,bang
testing,they
testing,one
testing,bank
training,bread
testing,gloom
testing,meat
testing,chuck
testing,choir
testing,mead
testing,roast
training,each
testing,went
testing,bong
testing,meal
training,bone
testing,bond
testing,wheel
testing,dour
testing,whim
testing,whig
testing,aide
testing,taught
testing,whiz
testing,dawn
testing,ward
testing,whip
testing,borne
testing,trench
testing,snail
testing,god
testing,waive
testing,whoosh
testing,gob
testing,laid
testing,lain
testing,got
testing,forth
testing,smart
testing,grease
testing,whiff
testing,rail
testing,free
testing,hand
testing,knit
testing,fret
training,aisle
testing,ate
testing,days
testing,heck
testing,fleck
testing,loud
testing,caught
testing,rang
testing,slept
testing,grade
testing,wasp
testing,hoop
testing,puck
testing,hoot
testing,hook
testing,thick
training,ditch
testing,hoof
testing,hood
testing,dwelt
testing,toy
testing,ten
testing,hearse
testing,tow
testing,ton
testing,too
testing,dwell
testing,tog
testing,toe
testing,gym
testing,serve
testing,took
testing,toot
testing,roar
testing,gyp
training,crawl
testing,nail
testing,guild
testing,guile
testing,hike
testing,tree
testing,guilt
testing,sheen
testing,mirth
testing,prone
training,bridge
testing,mink
testing,seep
testing,quench
testing,ram
testing,mind
testing,mine
testing,taint
testing,raw
testing,rat
testing,seed
testing,lull
testing,rap
testing,quay
testing,seem
testing,churn
testing,mint
testing,spade
testing,ray
testing,strength
testing,realm
testing,that
testing,gripe
testing,snow
training,chest
training,chess
testing,hatch
testing,snob
testing,cleft
testing,blouse
testing,shall
testing,sue
testing,mouth
testing,zounds
testing,phase
testing,coil
testing,drought
training,coin
testing,grave
testing,glow
testing,grove
testing,foist
testing,flop
testing,flow
training,dog
testing,doe
testing,swamp
testing,yang
training,aunt
testing,flog
testing,dow
testing,came
testing,yank
testing,bomb
testing,pope
testing,stool
testing,probe
testing,pave
testing,lurch
testing,gauge
testing,queer
training,earth
testing,bail
testing,toast
testing,stoop
testing,peck
testing,spite
testing,quaint
testing,buss
testing,yen
testing,myth
testing,bust
training,bush
testing,bliss
testing,rich
testing,lodge
testing,rice
training,do
testing,waltz
testing,stow
testing,stop
testing,coast
testing,smug
testing,earl
training,bat
testing,bar
testing,bas
testing,bay
training,bag
training,bad
testing,stead
testing,troop
testing,rung
testing,ban
testing,steak
testing,steal
testing,steam
testing,ghoul
testing,blew
training,fair
testing,wrest
testing,nut
testing,nun
testing,bled
testing,toes
training,fail
testing,weird
testing,shill
testing,yes
training,best
testing,said
testing,scrap
testing,sail
testing,mud
testing,mug
testing,score
testing,mum
testing,drawn
testing,drawl
testing,ire
testing,side
testing,terms
testing,rolled
testing,weak
training,boss
testing,rime
testing,here
testing,spurt
testing,news
testing,debt
testing,laze
training,cop
testing,cot
training,cow
training,brat
testing,coy
testing,cox
testing,ill
testing,blimp
testing,pith
testing,brag
testing,cod
testing,brad
testing,bran
testing,runt
testing,skill
testing,tone
testing,pose
testing,vail
testing,vain
testing,height
testing,hers
testing,jays
testing,speak
testing,putt
testing,tint
testing,beef
testing,chrome
testing,binge
testing,beek
testing,three
testing,been
training,beep
training,beer
testing,much
testing,beet
testing,fry
testing,slat
testing,threw
testing,dots
testing,life
testing,loft
testing,spit
testing,drugs
testing,chum
testing,joust
testing,lift
testing,hoist
training,child
training,catch
testing,spin
testing,chill
testing,dash
testing,east
testing,tank
testing,sly
testing,tang
training,air
testing,aim
testing,ail
testing,near
testing,slam
testing,neat
testing,thrash
testing,aid
testing,gave
testing,souse
training,cane
testing,broth
testing,sting
testing,shame
testing,cant
training,brake
training,cone
testing,jest
testing,mouse
testing,stint
testing,hone
testing,growl
testing,belle
testing,make
testing,wound
testing,split
testing,hank
testing,moose
testing,raid
testing,fuss
testing,nil
testing,swell
testing,hang
testing,rain
testing,kit
testing,nix
testing,fuse
testing,kin
testing,nip
testing,tune
testing,kid
testing,hearth
testing,kept
testing,romp
training,drip
testing,the
testing,rout
testing,left
testing,kale
testing,just
testing,sauce
testing,yea
training,bruise
testing,cape
testing,plight
testing,yet
testing,elk
testing,nudge
testing,ham
testing,elm
testing,thy
testing,ease
testing,had
testing,hag
testing,hay
testing,shout
testing,spread
testing,kelp
training,board
testing,has
testing,hat
testing,haw
testing,quirk
testing,barge
testing,judge
testing,dreamt
testing,roach
testing,burnt
testing,gift
testing,zeal
testing,nude
testing,hunt
testing,soap
testing,hunk
testing,sparse
testing,night
testing,hung
testing,right
testing,dean
training,creek
testing,crowd
testing,creed
testing,crown
training,dead
testing,sponge
training,born
testing,rile
testing,sure
training,dear
testing,prick
testing,bore
testing,creep
testing,sprawl
testing,dense
testing,trace
training,for
testing,eel
testing,fox
testing,ice
testing,foe
testing,squeeze
training,fog
testing,trite
training,cord
testing,core
testing,bold
testing,peel
testing,burl
training,corn
testing,brawn
testing,cork
testing,yoke
testing,bolt
testing,burr
testing,peer
testing,peep
testing,shuck
testing,chafe
testing,plum
training,choke
testing,blithe
testing,plus
testing,twitch
testing,croak
testing,duke
testing,gauze
testing,froze
testing,sock
training,float
testing,lien
testing,bound
testing,fern
training,down
testing,sop
testing,loin
testing,sow
testing,soy
testing,chime
testing,lewd
testing,ole
testing,wan
testing,yawn
testing,git
training,deal
testing,wag
testing,wad
testing,frill
training,fight
testing,gig
testing,stuck
testing,fought
testing,way
testing,spring
testing,gin
testing,tamp
testing,was
testing,war
training,fork
testing,starve
testing,head
testing,form
testing,deaf
testing,heal
testing,spike
testing,fore
testing,ford
testing,heat
testing,hear
testing,heap
testing,beech
testing,training
testing,fort
testing,duel
testing,slope
testing,spun
testing,prowl
testing,pest
testing,lays
testing,scream
testing,bide
testing,latch
testing,dare
testing,trim
testing,shin
testing,shim
testing,toss
testing,trig
testing,sale
testing,soothe
testing,gland
testing,moll
testing,ship
training,face
testing,mold
training,check
testing,shit
testing,graft
testing,smelt
training,floor
testing,stake
testing,tip
testing,flood
testing,tin
testing,shrine
testing,role
testing,test
testing,tie
testing,smell
testing,roll
testing,node
testing,tame
testing,sling
testing,toad
testing,why
training,felt
testing,twain
training,fell
testing,reign
testing,troupe
testing,spy
testing,warn
testing,phone
testing,faze
testing,verve
testing,yacht
testing,prow
testing,rough
testing,teeth
testing,push
testing,breadth
testing,coach
training,chain
training,dance
testing,skip
testing,rob
testing,rod
testing,ouch
testing,snip
testing,mild
testing,mile
testing,schnook
testing,skin
training,chair
testing,rot
testing,midst
testing,row
testing,vet
testing,ware
testing,grape
testing,zone
testing,flask
testing,graph
testing,hump
testing,pierce
testing,vex
testing,charge
testing,swoop
testing,tusk
testing,ride
training,brown
testing,coop
testing,slash
testing,jerk
testing,yeast
testing,none
testing,spate
training,choice
testing,mourn
testing,lynch
training,cook
testing,word
testing,blast
training,cool
testing,dim
testing,din
testing,peg
testing,did
training,die
training,dig
testing,gun
testing,gum
testing,leave
testing,teak
testing,warmth
testing,gut
testing,quick
testing,guy
testing,svelte
testing,dip
testing,round
testing,shave
testing,pork
training,brave
testing,says
testing,trill
testing,trend
testing,sigh
testing,pore
testing,sign
training,cost
testing,worn
testing,port
testing,hymn
testing,curse
testing,posh
testing,spire
testing,melt
testing,switch
testing,goes
testing,brawl
testing,trot
testing,boost
testing,meld
training,burn
testing,dwarf
testing,wail
testing,bloke
testing,doubt
testing,clerk
testing,french
testing,fluke
testing,slow
testing,witch
testing,splice
testing,vice
testing,hoarse
testing,gorge
testing,sieve
training,change
testing,wait
training,box
training,boy
testing,ref
testing,stair
testing,boast
training,bop
testing,shift
training,bow
testing,queue
testing,trial
training,boo
testing,cyst
training,bob
testing,bog
testing,love
testing,cloak
testing,till
testing,verge
training,fake
testing,should
testing,post
testing,red
testing,staid
testing,wealth
testing,prove
testing,perk
testing,scan
testing,live
testing,prey
testing,slough
testing,pert
testing,scope
testing,thru
testing,prep
testing,plug
testing,sprite
training,club
training,cluck
training,clue
testing,drown
testing,stain
training,fly
training,car
training,cap
testing,flu
testing,soul
training,cat
testing,purge
testing,soup
testing,sour
training,can
testing,cam
testing,cab
testing,cad
testing,streak
testing,heart
testing,sub
testing,trump
testing,stream
training,chip
testing,fuck
testing,swarm
testing,heard
testing,stroke
training,chin
testing,pond
testing,reed
testing,chic
testing,stole
testing,craze
testing,pink
testing,rays
testing,prod
testing,tilt
testing,pine
testing,lounge
training,beat
testing,flank
testing,fourth
testing,swore
testing,tile
testing,sworn
testing,pint
testing,map
testing,mar
testing,mat
testing,maw
testing,may
testing,max
testing,dive
testing,use
testing,spot
testing,mad
training,date
testing,hob
testing,suck
testing,dove
training,eighth
testing,man
testing,stress
testing,crepe
testing,neck
testing,beam
testing,tale
testing,gap
testing,jail
testing,crept
testing,tall
testing,truce
testing,talk
testing,serge
training,cute
testing,stilt
testing,shield
testing,nerve
testing,colt
training,brain
testing,yearn
testing,sob
testing,pitch
training,cold
testing,braid
testing,jock
testing,tore
testing,jig
testing,swank
testing,group
testing,thank
testing,nymph
testing,torn
testing,maid
testing,stroll
testing,thump
testing,mail
testing,main
testing,non
testing,paunch
testing,halt
testing,fling
testing,nod
testing,rake
testing,lunch
testing,flint
testing,half
testing,not
training,bath
testing,hall
testing,nor
testing,wont
testing,name
testing,clutch
training,drop
testing,flown
testing,rock
testing,square
testing,grouse
testing,gash
testing,torch
testing,yeah
testing,goose
testing,wrap
testing,gird
testing,sox
testing,girl
testing,troll
testing,shown
testing,stitch
testing,space
testing,thirst
testing,mess
testing,gram
testing,thong
testing,siege
testing,hull
testing,hulk
testing,quite
testing,quart
testing,mime
testing,lump
testing,plea
testing,thrice
training,cough
testing,orb
testing,rein
training,card
training,care
testing,grist
testing,flare
testing,punk
testing,thing
testing,punt
testing,place
testing,swine
testing,swing
testing,turf
testing,hooch
testing,view
testing,think
training,first
testing,blind
training,cheese
testing,clause
training,crib
training,blink
testing,long
testing,rink
testing,vote
testing,rind
testing,ring
training,drove
testing,creche
testing,size
testing,sheep
testing,sheer
testing,sheet
testing,wrath
testing,width
testing,lap
training,bite
testing,breed
testing,draft
testing,daunt
testing,white
testing,cite
testing,friend
testing,hue
testing,hug
testing,pomp
testing,hub
testing,cope
testing,hum
testing,shawl
testing,wax
testing,huh
testing,snatch
testing,hut
training,butt
testing,grunt
testing,than
testing,wide
testing,serf
testing,ooze
testing,were
testing,oath
training,and
testing,lick
testing,rend
testing,froth
testing,pro
testing,sag
testing,lice
testing,slap
testing,sad
training,ant
testing,say
testing,sax
testing,rent
testing,sulk
testing,sap
testing,pry
testing,bait
testing,sat
testing,squaw
testing,clung
testing,squat
testing,knead
testing,tsar
testing,zoo
testing,note
testing,squad
testing,whorl
testing,take
testing,haste
testing,blunt
testing,sect
testing,surf
testing,urge
testing,thug
testing,frost
testing,pain
testing,pail
testing,track
testing,price
testing,knew
testing,paid
testing,wire
testing,tract
testing,pair
testing,knee
testing,lawn
testing,angst
training,egg
testing,proud
training,drive
testing,tooth
testing,bade
testing,squint
training,axe
testing,crank
testing,salt
testing,shop
testing,perch
testing,shot
testing,show
training,cheat
testing,cheap
testing,mince
testing,dirge
testing,bright
testing,shod
testing,shoe
testing,hack
testing,scarce
testing,tend
testing,line
training,fifth
testing,ground
testing,slot
testing,gnaw
testing,slop
training,dice
testing,gulf
testing,gourd
testing,plume
testing,dick
testing,gull
testing,jolt
testing,crime
testing,gulp
testing,sloe
testing,wood
training,black
testing,slob
testing,germs
testing,robe
testing,wool
testing,shrill
testing,plump
testing,nonce
testing,get
testing,jazz
testing,clang
testing,loath
testing,gee
testing,hedge
testing,gem
testing,gel
testing,prime
testing,pimp
testing,yield
testing,priest
testing,though
testing,warp
testing,pang
testing,pants
testing,where
testing,gout
testing,pane
testing,burst
testing,sear
testing,seat
testing,seam
testing,seal
testing,sport
testing,ways
testing,glaze
testing,gage
testing,pump
testing,hiss
testing,teens
testing,screen
testing,dome
testing,pluck
testing,blame
testing,spare
testing,broil
testing,spark
training,comb
training,come
testing,tug
testing,quack
testing,oust
testing,vue
testing,tuck
testing,tour
testing,tout
testing,mane
testing,sheaf
testing,spoil
testing,terse
testing,pot
testing,jeans
testing,pop
testing,rheum
testing,pole
testing,swum
testing,boar
testing,freak
testing,pod
testing,poll
testing,tub
training,boat
testing,mare
testing,stretch
testing,west
testing,coupe
training,breath
testing,barre
testing,gist
testing,with
testing,squash
testing,wake
testing,dorm
testing,jute
testing,case
testing,shaft
training,crumb
testing,these
testing,pram
testing,mount
training,cash
testing,cask
testing,trick
testing,cast
testing,eave
testing,cock
testing,girth
training,bathe
testing,vest
testing,brow
testing,strait
testing,purse
testing,strain
testing,fame
testing,pap
testing,par
testing,pat
testing,harsh
testing,paw
testing,pay
training,bowl
testing,same
testing,mole
testing,pad
testing,pal
testing,isle
testing,pan
testing,week
testing,oil
testing,deft
testing,roost
testing,foal
training,foam
testing,munch
testing,weed
testing,fruit
testing,lute
testing,two
testing,weep
testing,weave
training,drain
testing,wane
testing,no
training,breeze
testing,solve
testing,strive
testing,clod
testing,clog
testing,poach
testing,when
testing,kilt
testing,ninth
testing,clot
testing,kill
testing,manse
testing,touch
testing,speed
training,blow
testing,sprang
training,death
testing,hint
testing,rose
testing,swath
testing,verse
testing,bloc
training,blob
testing,hind
testing,struck
testing,pill
testing,grip
testing,ream
testing,grit
testing,frown
testing,stunk
testing,read
testing,stung
testing,mop
testing,mow
training,dark
testing,swirl
testing,grid
testing,darn
testing,mom
testing,mob
testing,snare
testing,reap
testing,grim
testing,grin
testing,clan
testing,clam
testing,clad
testing,twin
testing,shrink
testing,nose
training,clay
training,claw
testing,tart
training,clap
testing,sharp
testing,twelve
testing,grub
training,doll
testing,dole
testing,gross
testing,slice
testing,mood
testing,tote
testing,noon
testing,squire
testing,slick
testing,moon
testing,throat
testing,moot
testing,squirt
testing,knife
testing,freed
testing,wheat
testing,skeet
testing,zest
testing,sixth
testing,zit
testing,poise
testing,squall
testing,throw
testing,stone
testing,ace
testing,tease
testing,jeep
testing,smear
testing,jeer
testing,fringe
testing,shrimp
testing,chop
testing,whence
testing,wolf
testing,stand
testing,chow
testing,chive
testing,luck
testing,road
testing,tribe
testing,drab
testing,garb
testing,strip
testing,wade
testing,dank
testing,mark
testing,your
testing,lob
testing,lisle
testing,jowl
testing,log
testing,her
testing,gleam
testing,glean
testing,there
testing,hex
testing,brute
testing,stark
testing,start
testing,lop
testing,drank
testing,low
testing,lot
testing,hem
testing,hen
training,fish
testing,treat
testing,gibe
testing,jug
testing,groan
testing,gore
testing,jut
testing,lymph
testing,thaw
testing,mice
testing,rouse
testing,groat
testing,spice
testing,pull
testing,hire
testing,fraud
testing,rage
testing,tripe
testing,ruse
testing,flirt
testing,grouch
testing,grass
testing,pulp
testing,rust
testing,gone
testing,gong
testing,fright
testing,taste
training,deer
training,deep
testing,deem
testing,file
testing,creak
testing,deed
testing,hound
testing,flock
testing,film
training,fill
testing,yon
testing,scribe
testing,tight
testing,you
testing,jell
testing,poor
testing,brash
testing,met
testing,peat
testing,bribe
testing,drift
testing,cove
testing,peal
testing,peak
testing,brass
testing,spouse
testing,pool
testing,grudge
testing,wife
testing,thorn
testing,groom
testing,curve
testing,mash
testing,mast
testing,mass
testing,smirk
testing,caste
testing,retch
training,all
testing,snout
testing,lace
testing,vile
testing,gown
testing,ale
testing,sunk
testing,slung
testing,disc
testing,zinc
training,dish
testing,disk
testing,wash
testing,sung
testing,glimpse
testing,corps
testing,tail
testing,those
testing,smile
testing,crest
testing,norm
testing,sound
testing,fay
testing,worse
testing,song
training,far
testing,tent
training,fat
testing,roe
testing,scout
training,fan
testing,scour
testing,clench
testing,fad
testing,list
testing,large
testing,sang
testing,sand
testing,sane
testing,tong
testing,small
testing,sank
testing,flick
testing,ass
training,fence
testing,tea
testing,clinch
testing,tee
testing,past
testing,strung
testing,rate
testing,phage
testing,pass
testing,mill
testing,hick
testing,will
testing,dial
testing,stood
testing,gunk
training,clock
testing,sun
testing,sum
training,crust
testing,brief
testing,milk
testing,crush
testing,sup
testing,nurse
testing,plush
testing,womb
testing,full
testing,hash
testing,loose
testing,vale
testing,mule
testing,wild
testing,pub
testing,trunk
testing,strong
testing,hasp
testing,thrift
testing,search
testing,whine
testing,through
testing,pick
testing,vie
testing,glitch
testing,snug
testing,gosh
testing,faint
testing,wield
testing,puke
testing,pearl
testing,splash
testing,raft
testing,pus
testing,more
training,flat
testing,flaw
training,door
testing,thus
testing,brisk
testing,flax
training,flag
testing,stick
testing,broke
testing,suite
testing,known
testing,doom
testing,glad
testing,town
testing,grill
testing,berth
testing,gauche
testing,hour
testing,malt
testing,mall
testing,nine
training,den
testing,learn
testing,grope
testing,male
testing,shark
testing,prompt
testing,cowl
testing,snuck
testing,share
testing,shard
testing,pons
testing,louse
testing,sphere
testing,sense
testing,phrase
testing,scar
training,dress
testing,string
testing,huge
testing,needs
testing,court
testing,goal
testing,rye
testing,goad
testing,cling
testing,sprig
testing,scorn
testing,stir
testing,goat
testing,mould
testing,bleat
testing,plant
testing,tried
testing,rude
testing,sneak
testing,plane
training,blood
testing,numb
testing,gasp
testing,bloom
testing,plank
testing,bleak
testing,alps
testing,chute
testing,short
testing,coax
training,coat
testing,taut
testing,coal
testing,shore
testing,dread
testing,shade
training,dream
testing,help
testing,pant
testing,sloop
testing,slouch
testing,soon
testing,trade
testing,held
testing,dough
testing,brim
testing,soot
testing,helm
testing,hell
testing,brig
testing,its
testing,style
testing,glide
testing,pray
testing,late
testing,dross
testing,speech
testing,bout
testing,might
testing,lath
testing,wry
testing,fool
testing,good
training,food
testing,goon
testing,blight
testing,rank
training,foot
testing,rant
testing,drake
training,bless
testing,tear
testing,blest
testing,found
testing,clamp
testing,harm
testing,hark
testing,weight
testing,house
testing,hare
testing,hard
training,eve
training,fist
testing,hart
testing,heave
testing,harp
testing,praise
testing,since
testing,hilt
testing,health
testing,hill
testing,print
testing,quince
testing,nest
testing,dunk
testing,pun
training,drink
testing,bass
training,dirt
testing,team
testing,dung
testing,guess
testing,dune
testing,base
testing,dire
testing,thine
training,ask
testing,teach
testing,ash
testing,pup
testing,bash
testing,guest
testing,thrown
testing,thread
testing,launch
testing,threat
testing,blush
testing,clump
testing,top
training,feed
testing,dine
testing,swipe
training,feel
testing,feet
training,dust
testing,dint
testing,done
testing,shoal
training,blank
testing,bland
testing,mist
testing,miss
testing,moan
testing,horse
testing,jew
testing,jet
testing,script
testing,grime
testing,least
testing,stork
testing,paint
testing,leash
testing,saint
testing,scheme
testing,store
testing,lease
testing,pare
testing,storm
testing,park
testing,part
testing,crop
testing,weld
testing,grace
testing,king
testing,kind
testing,grew
testing,frock
testing,dam
training,fold
testing,grey
testing,youth
training,bride
testing,stall
testing,cuff
testing,dang
testing,stale
testing,swerve
testing,ranch
testing,swung
testing,shrewd
testing,gale
testing,blond
testing,gall
testing,null
testing,lid
testing,lie
testing,built
testing,trip
testing,trance
testing,self
testing,cave
training,couch
testing,lit
testing,moist
testing,lip
training,build
testing,frail
testing,veal
testing,brace
testing,tool
testing,buff
testing,gill
testing,play
testing,quote
testing,flute
testing,reach
testing,chart
testing,mosk
testing,tryst
testing,most
testing,yawl
testing,charm
testing,plan
testing,moss
testing,gilt
testing,chap
testing,seize
training,clear
testing,cleat
testing,naught
training,clean
testing,weigh
testing,notch
testing,blend
testing,golf
testing,gold
testing,fond
testing,sheik
testing,fink
testing,freight
testing,font
testing,fine
training,find
testing,flesh
testing,fiend
testing,juke
testing,hip
testing,his
testing,hit
testing,scuff
testing,strut
testing,hid
testing,breast
testing,theft
testing,silk
testing,sill
testing,him
testing,huff
training,fluff
testing,sleeve
training,badge
training,cry
testing,cease
testing,rear
testing,wrote
testing,sew
testing,cramp
testing,set
training,art
testing,dump
testing,jade
testing,still
testing,vine
testing,plough
testing,vamp
testing,see
testing,arc
training,dumb
testing,bard
testing,sea
training,close
training,bark
training,arm
testing,prim
testing,lee
testing,fang
testing,wow
testing,please
testing,woo
testing,won
testing,woe
training,flame
testing,rite
testing,nope
testing,kneel
testing,piss
testing,sold
testing,sole
testing,punch
testing,wreath
testing,spray
testing,blot
testing,bronze
training,both
testing,lass
testing,last
testing,thou
testing,gaunt
testing,suede
testing,buzz
testing,lash
testing,vault
testing,mean
testing,whole
testing,load
testing,loaf
training,bell
testing,sweet
testing,loan
testing,whelp
testing,sweep
training,church
testing,rave
training,belt
testing,filth
testing,raise
testing,dun
testing,stamp
testing,damp
testing,dud
testing,due
testing,dug
testing,ran
testing,nape
testing,damn
testing,coarse
testing,pile
testing,brick
testing,woke
testing,dame
testing,firm
testing,flight
testing,gay
testing,buck
training,fire
testing,torque
testing,wet
testing,gas
testing,grille
testing,fund
testing,gal
testing,cinch
testing,gag
testing,gab
testing,funk
testing,loon
testing,bile
testing,loom
testing,fur
testing,look
testing,juice
testing,straight
testing,bill
testing,batch
testing,crutch
testing,rope
testing,pace
testing,skiff
testing,match
testing,fun
testing,fleet
testing,loot
testing,guide
testing,loop
testing,pack
testing,real
testing,pound
testing,suds
testing,moth
testing,rip
testing,sluice
testing,rim
testing,seen
testing,rig
testing,rib
training,chase
testing,earn
testing,grant
testing,seek
testing,slab
testing,shay
testing,flays
testing,shag
testing,grand
testing,shah
testing,swig
testing,sham
testing,blanch
testing,itch
training,dime
testing,leapt
testing,stripe
testing,birch
testing,knack
testing,stack
testing,task
training,cheek
testing,spent
testing,grind
training,cheer
training,edge
testing,toil
testing,moo
testing,spend
testing,howl
testing,coup
training,chore
testing,chord
testing,from
testing,salve
testing,shape
testing,stunt
testing,stalk
testing,prince
testing,wage
training,cut
testing,cur
training,cup
testing,snag
testing,source
testing,cue
testing,cud
training,cub
testing,snap
testing,niece
training,bin
testing,shove
testing,squawk
testing,march
training,big
testing,bid
training,bib
testing,game
testing,quest
testing,clout
testing,bit
testing,knock
testing,spine
testing,glove
testing,strife
testing,flux
testing,sketch
testing,wrack
testing,mauve
testing,lathe
testing,some
training,back
training,bounce
testing,yolk
testing,palm
testing,pall
testing,sight
testing,pale
testing,scrim
testing,scald
testing,scale
testing,pet
testing,pelt
testing,pew
testing,per
testing,prop
testing,pen
testing,sick
testing,scalp
testing,lard
testing,lark
testing,pee
testing,lime
testing,pea
testing,snort
testing,run
testing,rum
testing,rub
testing,rug
testing,rue
testing,step
testing,stew
training,ache
testing,crone
training,by
testing,rut
testing,shine
testing,faith
testing,gnome
testing,wore
testing,braille
testing,truck
testing,hinge
testing,sake
testing,range
testing,ounce
training,block
testing,skulk
testing,watt
testing,stench
testing,gouge
testing,span
testing,lone
training,fast
testing,lode
testing,lithe
testing,douse
testing,suit
testing,spat
testing,plunge
testing,clots
testing,lint
testing,slump
training,cloth
testing,link
testing,reef
training,branch
testing,crane
testing,reek
testing,reel
testing,dull
testing,hush
testing,skull
testing,groove
testing,dill
testing,curt
training,camp
testing,geese
testing,strand
testing,haunt
testing,char
testing,lye
testing,curd
testing,cure
testing,curb
testing,chaw
testing,chat
testing,wove
training,curl
testing,work
testing,nab
testing,peach
testing,crypt
testing,peace
testing,plumb
testing,scrape
testing,nick
testing,nap
testing,naw
testing,trait
testing,forge
testing,tech
testing,nay
testing,mock
testing,nice
testing,dale
training,draw
testing,scrub
testing,lend
testing,skit
testing,lens
testing,drag
testing,squirm
testing,lent
testing,dram
testing,lane
testing,land
testing,sore
testing,scotch
training,age
testing,crease
testing,feud
testing,depth
testing,floe
testing,broad
testing,fresh
testing,pyre
testing,tube
testing,rinse
testing,once
testing,code
testing,scratch
testing,gang
testing,go
testing,grays
testing,nook
testing,suave
testing,stave
testing,young
testing,send
testing,shack
testing,blaze
testing,breach
testing,sent
testing,rag
testing,queen
testing,sage
testing,rhyme
testing,wave
testing,spool
testing,spoon
testing,trough
testing,spook
testing,spoof
testing,wipe
testing,stiff
testing,meant
testing,knight
testing,shock
testing,booze
testing,hive
testing,try
testing,this
testing,race
testing,dealt
testing,trout
testing,rack
testing,pledge
testing,pleat
training,crow
testing,blitz
training,chomp
testing,jump
testing,crook
testing,noise
testing,croon
testing,booth
testing,plead
testing,odd
testing,click
testing,folk
testing,poke
testing,saw
testing,cell
training,bird
testing,led
testing,chose
testing,stance
testing,leg
testing,stanch
testing,brooch
testing,sprung
testing,quell
testing,sewn
testing,let
testing,sink
testing,gloat
testing,sing
testing,sine
testing,great
testing,chant
testing,screech
testing,sword
training,climb
testing,gene
testing,makes
testing,wig
testing,claim
testing,duct
testing,win
testing,limp
testing,apt
testing,volt
testing,wit
training,duck
testing,limb
training,cloud
training,ape
training,fed
testing,fee
testing,crap
testing,tar
testing,snoop
testing,fen
testing,theme
testing,frog
testing,next
training,few
testing,crag
training,crab
testing,save
testing,cram
testing,sort
testing,babe
testing,porch
testing,tax
testing,heir
testing,mend
testing,train
testing,wretch
testing,thwack
testing,meek
testing,chide
testing,pout
testing,lapse
testing,pour
testing,gruff
testing,thin
testing,drill
testing,meet
testing,fetch
testing,proof
testing,point
testing,wedge
testing,slid
testing,wharf
testing,bent
testing,pawn
testing,plate
testing,lock
testing,slim
testing,rode
testing,rapt
testing,high
testing,spruce
testing,slit
testing,tag
training,bend
testing,slip
testing,spa
testing,sought
testing,tan
testing,voice
testing,skirt
testing,rape
testing,lamb
testing,mix
testing,sip
testing,jape
testing,lame
testing,six
testing,skid
testing,thrive
testing,fete
testing,swear
testing,aft
testing,sin
testing,stock
testing,fare
testing,thee
testing,sir
training,farm
testing,watch
testing,act
testing,tact
testing,tied
testing,tack
testing,wrist
testing,bluff
testing,klan
testing,hawk
testing,tongue
testing,fray
testing,drape
testing,bind
testing,bing
testing,sit
testing,budge
testing,scoop
testing,chief
testing,writ
testing,rove
testing,thigh
testing,mute
testing,move
testing,mart
testing,strove
testing,quake
testing,cruise
training,bunch
testing,glen
testing,write
testing,brood
testing,whit
testing,thence
training,broom
testing,glee
testing,brook
testing,lamp
testing,marsh
training,choose
testing,zip
testing,shy
training,bye
training,dad
testing,cusp
training,crash
testing,pure
training,belch
testing,spell
testing,dike
testing,flew
testing,dock
testing,snake
testing,kiss
testing,flea
training,cage
testing,fled
testing,crass
testing,flail
testing,whir
testing,thrill
testing,bleep
testing,feast
testing,merge
testing,muff
testing,fuzz
testing,mode
testing,truth
testing,lung
testing,tray
testing,flair
testing,skate
testing,thwart
training,bump
testing,globe
testing,our
testing,patch
testing,tenth
testing,out
testing,huck
testing,throes
testing,twice
testing,valve
testing,rev
testing,stub
testing,mate
testing,stud
testing,smog
training,cause
testing,czar
testing,stare
testing,shut
testing,thrush
testing,frank
testing,toll
testing,graze
testing,sod
testing,york
testing,tempt
testing,shun
testing,van
testing,yore
training,bleed
testing,quo
testing,yard
testing,spill
testing,could
testing,put
testing,yarn
testing,keep
testing,keen
testing,length
testing,keel
testing,hence
testing,scare
testing,scarf
testing,blown
testing,scene
testing,sack
testing,hey
testing,whoop
testing,bitch
testing,such
testing,stump
testing,scent
testing,prank
testing,droop
testing,strict
testing,laps
testing,stealth
testing,grow
testing,wring
testing,their
testing,time
testing,scant
testing,boil
training,beard
testing,shell
testing,gear
testing,shelf
testing,writhe
testing,feint
testing,vouch
testing,noun
testing,sex
testing,waist
testing,steel
testing,slack
testing,bloat
testing,steed
training,beg
training,bed
training,bee
testing,psalm
testing,light
training,bare
testing,steep
testing,bet
testing,are
testing,testing
testing,clip
testing,fowl
testing,tide
testing,have
testing,need
testing,turn
testing,she
testing,screw
testing,clove
testing,loupe
testing,mil
testing,soak
testing,bough
testing,mid
testing,mig
testing,lilt
testing,lope
testing,which
testing,chaise
training,barn
testing,brand
testing,clash
testing,who
testing,awn
training,eight
testing,vise
training,class
testing,spleen
testing,urn
testing,bred
testing,dent
testing,pipe
testing,brew
testing,skunk
testing,fact
testing,son
testing,qualms
testing,kite
testing,text
testing,stove
testing,crate
training,bring
testing,rouge
training,fear
testing,feat
testing,brink
testing,staff
testing,taps
testing,pause
testing,tire
testing,hops
testing,jaw
testing,cache
testing,jar
testing,wreak
testing,rash
training,bug
testing,jam
testing,tape
testing,rasp
testing,fuel
testing,jag
testing,jab
testing,hope
testing,dodge
testing,staunch
testing,cube
testing,starch
testing,lobe
testing,beau
testing,dope
testing,rush
training,bear
testing,joint
training,bean
training,beak
training,bead
testing,spur
testing,gray
testing,course
testing,gust
testing,stuff
testing,gush
testing,grab
testing,fixed
testing,grad
testing,preach
testing,ebb
testing,frame
testing,shake
testing,freeze
testing,cole
testing,brunt
testing,broach
testing,state
testing,sweat
testing,lug
testing,crude
testing,bought
testing,ken
testing,jot
testing,splurge
testing,keg
testing,joy
testing,grasp
testing,job
testing,key
testing,jog
testing,butte
testing,swift
testing,thumb
training,drum
testing,sniff
testing,joke
testing,ramp
testing,grain
testing,grail
testing,swim
testing,puff
testing,wear
testing,vent
testing,wall
testing,ships
testing,walk
testing,laugh
testing,quit
testing,tread
testing,yaw
training,cent
testing,quiz
testing,yam
testing,gaze
testing,newt
testing,yak
testing,rump
testing,waste
testing,mike
testing,twinge
testing,bulk
testing,tense
training,bull
testing,bulb
testing,plaid
testing,veer
testing,wilt
testing,plain
training,chalk
testing,fault
testing,frappe
testing,groin
testing,snack
testing,ripe
testing,flex
testing,lush
testing,site
testing,lust
testing,sheath
testing,prose
testing,thud
testing,whore
testing,whirl
testing,steer
testing,veldt
training,cross
testing,strange
testing,flour
testing,inch
training,cream
testing,clothe
testing,twelfth
training,ball
testing,slave
testing,dusk
testing,bale
testing,bald
training,beast
testing,fierce
testing,spree
testing,rift
testing,off
testing,well
testing,thought
testing,drone
testing,welt
testing,oops
testing,oft
testing,hale
testing,lest
testing,stout
testing,less
testing,oak
testing,wren
testing,dose
testing,front
testing,glum
testing,smash
testing,tough
testing,rest
testing,glue
testing,dost
testing,web
testing,now
testing,spear
testing,wee
testing,wed
testing,flee
testing,drunk
testing,sky
testing,lake
training,bench
training,add
testing,ade
training,crack
testing,ought
testing,ski
testing,kick
testing,knob
testing,frieze
testing,boon
testing,fate
testing,taunt
testing,crux
testing,haul
training,five
testing,know
testing,knot
training,desk
testing,press
testing,tick
testing,pier
testing,loss
testing,trash
testing,crisp
testing,like
testing,lost
testing,bulge
training,clown
testing,heed
testing,lose
training,chick
testing,soft
testing,page
testing,heel
testing,shed
testing,glare
testing,sleight
testing,thief
testing,hail
testing,hair
testing,growth
training,flush
testing,home
testing,shrug
testing,trust
testing,leaf
testing,shrub
testing,lead
testing,leak
testing,corpse
testing,lean
testing,slide
testing,shone
testing,stem
testing,lear
testing,leap
testing,does
testing,noose
testing,troup
testing,trap
testing,hose
testing,slight
testing,pear
testing,mitt
testing,slant
testing,host
testing,slum
testing,mite
testing,paste
testing,slug
testing,swept
testing,stage
testing,throne
testing,pike
testing,throng
testing,rare
testing,world
testing,chance
training,flake
testing,surge
testing,seeds
testing,beige
testing,tomb
testing,strode
testing,tome
testing,owl
testing,own
testing,guard
testing,champ
training,brush
testing,mere
testing,muck
testing,ridge
testing,jinx
testing,whom
testing,slang
testing,maze
testing,squeal
testing,chunk
testing,glib
training,buy
testing,north
testing,shank
training,bus
training,coke
training,but
testing,gait
training,bun
testing,gain
testing,bum
testing,grate
training,ear
training,eat
testing,bud
training,count
testing,made
testing,wise
testing,tab
testing,wish
testing,smooth
training,flip
testing,roam
testing,wisp
training,cake
testing,piece
testing,what
testing,pin
testing,mask
testing,year
testing,pie
testing,dearth
testing,pig
testing,twist
testing,inn
testing,ink
testing,pip
testing,pit
testing,letch
testing,tyme
testing,glint
training,boot
testing,old
training,book
training,boom
testing,ledge
testing,lance
testing,junk
testing,quartz
testing,star
testing,draught
testing,mulch
testing,june
testing,flange
testing,stay
testing,stag
testing,foil
testing,stab
testing,squeak
testing,wind
testing,else
testing,veil
testing,vein
testing,cliff
testing,ghost
testing,sphinx
testing,shunt
testing,yelp
testing,bakes
testing,rule
training,craft
testing,yell
testing,sash
